Casa Mineira,377116,22/02/2022,Sim,[FS-CM],Secretaria Casa Mineira,3125333000,secretaria@casamineira.com,Sim,,,Apartamento,Rua Rio Verde,476,30310750,13,1300,4,2,4,208,,Não,3,,PROPRIETÁRIO,Sim,Chave Comum,Local da Chave com Secretaria da Casa Mineira,Local da Chave com Secretaria da Casa Mineira,Não,[FS-CM],Sim,1790000,1500,500,Mensalmente,,,,,,893583257,,,ok-img (2022-03-10 15:36:15),
Casa Mineira,256427,22/02/2022,Sim,[FS-CM],Secretaria Casa Mineira,3125333000,secretaria@casamineira.com,Sim,,,Casa,Rua Cosmos,51,30360650,,CASA,4,2,4,496,,Não,6,"Lote 360 Metros. Casa com 493 metros de área construída e 160 metros de área descoberta. 
 1º Andar: 1 sala para 3 ambientes com varanda - 1 quarto e 1 banho sendo lavabo - cozinha espaçosa - despensa -  área de serviços. Escada em alvenaria
 2º Andar: 3 quartos sendo 2 suítes - 1 banho social - closet e hidromassagem na suite master - sala para 2 ambientes 
 Andar inferior: 6 vagas de garagem - quarto de despejo - área de serviços e DCE",PROPRIETÁRIO,Sim,Chave Comum,Local da Chave com Secretaria da Casa Mineira,Local da Chave com Secretaria da Casa Mineira,Não,[FS-CM],Sim,2800000,,,Mensalmente,,,,,,893583262,,,ok-img (2022-03-10 15:38:56),
Casa Mineira,416039,22/02/2022,Sim,[FS-CM],Secretaria Casa Mineira,3125333000,secretaria@casamineira.com,Sim,,,Casa,Rua Cosmos,11,30360650,,casa,5,2,5,493,,Não,6,,PROPRIETÁRIO,Sim,Chave Comum,Local da Chave com Secretaria da Casa Mineira,Local da Chave com Secretaria da Casa Mineira,Não,[FS-CM],Sim,3000000,,1026,Mensalmente,,,,,,893583271,,,erro-sem_imgs,
Casa Mineira,426018,22/02/2022,Sim,[FS-CM],Secretaria Casa Mineira,3125333000,secretaria@casamineira.com,Sim,,,Apartamento,Rua Elza Brandão Rodarte,203,30320630,9,901,4,2,4,183,,Não,3,,INQUILINO,Sim,Chave Comum,Local da Chave com Secretaria da Casa Mineira,Local da Chave com Secretaria da Casa Mineira,Não,[FS-CM],Sim,1890000,,,Mensalmente,,,,,,E,,,,
Casa Mineira,411045,22/02/2022,Sim,[FS-CM],Secretaria Casa Mineira,3125333000,secretaria@casamineira.com,Sim,,,Apartamento,Rua Mangabeira,351,30350170,1,103,4,1,3,160,,Não,1,3 salas - 4 quartos sendo 1 suíte - 1 banho Social - 1 lavabo - fez área de serviços na área privativa com teto retrátil - apartamento tem 2 áreas privativas com saída pela cozinha e outra com saída pela sala (área privativa de aproximadamente 40 metros),PROPRIETÁRIO,Sim,Chave Comum,Local da Chave com Secretaria da Casa Mineira,Local da Chave com Secretaria da Casa Mineira,Não,[FS-CM],Sim,600000,370,,Mensalmente,,,,,,893583281,,,erro-sem_imgs,
Casa Mineira,425953,22/02/2022,Sim,[FS-CM],Secretaria Casa Mineira,3125333000,secretaria@casamineira.com,Sim,,,Apartamento,Rua Samuel Pereira,260,30310550,7,703,2,1,2,70,,Não,1,,DESOCUPADO,Sim,Chave Comum,Local da Chave com Secretaria da Casa Mineira,Local da Chave com Secretaria da Casa Mineira,Não,[FS-CM],Sim,440000,750,150,Mensalmente,,,,,,893583286,,,erro-sem_imgs,
Casa Mineira,229181,22/02/2022,Sim,[FS-CM],Secretaria Casa Mineira,3125333000,secretaria@casamineira.com,Sim,,,Cobertura,Rua Abre Campo,65,30350190,7,702,4,2,2,260,,Não,2,COBERTURA PRECISA DE REFORMA GERAL,PROPRIETÁRIO,Sim,Chave Comum,Local da Chave com Secretaria da Casa Mineira,Local da Chave com Secretaria da Casa Mineira,Não,[FS-CM],Sim,800000,700,182,Mensalmente,,,,,,E,,,,
Casa Mineira,416024,22/02/2022,Sim,[FS-CM],Secretaria Casa Mineira,3125333000,secretaria@casamineira.com,Sim,,,Apartamento,Rua Carangola,307,30330240,9,901,3,1,2,91,,Não,2,Excelente localização.  Vista panorâmica,PROPRIETÁRIO,Sim,Chave Comum,Local da Chave com Secretaria da Casa Mineira,Local da Chave com Secretaria da Casa Mineira,Não,[FS-CM],Sim,780000,880,220,Mensalmente,,,,,,893583295,,,erro-sem_imgs,
Casa Mineira,80665,22/02/2022,Sim,[FS-CM],Secretaria Casa Mineira,3125333000,secretaria@casamineira.com,Sim,,,Apartamento,RUA COPERNICO PINTO COELHO,332,30350290,1,102,4,1,2,150,,Não,1,". PREDIO: P. ELETRONICO, GAS CANALIZADO, PILOTIS, CONSERVADO.
 APTO: AREA UTIL 110M , AREA PRIVATIVA 40M , 1  ANDAR, 2 BANHOS SENDO 1 SOCIAL C/ BOX BLINDEX, COZINHA, AREA DE SERVIÇO, DCE / MUITO CONSERVADO, COLOCOU LAMINADO RECENTE.
 GARAGEM: 1 VAGA COBERTA E SEPARADA.",PROPRIETÁRIO,Sim,Chave Comum,Local da Chave com Secretaria da Casa Mineira,Local da Chave com Secretaria da Casa Mineira,Não,[FS-CM],Sim,420000,350,141,Mensalmente,,,,,,893583297,,,erro-img_pequena,
Casa Mineira,223883,22/02/2022,Sim,[FS-CM],Secretaria Casa Mineira,3125333000,secretaria@casamineira.com,Sim,,,Cobertura,Rua Equador,87,30330390,3,301,3,2,3,200,,Não,2,"Abriu 01 quarto ampliando a sala, atualmente tem 03 quartos. Abriu Quarto Empregada para ampliar a cozinha",PROPRIETÁRIO,Sim,Chave Comum,Local da Chave com Secretaria da Casa Mineira,Local da Chave com Secretaria da Casa Mineira,Não,[FS-CM],Sim,620000,,,Mensalmente,,,,,,E,,,,
Casa Mineira,374634,22/02/2022,Sim,[FS-CM],Secretaria Casa Mineira,3125333000,secretaria@casamineira.com,Sim,,,Apartamento,Avenida Doutor Marco Paulo Simon Jardim,980,34006200,12,1204,2,2,2,75,,Não,2,,INQUILINO,Sim,Chave Comum,Local da Chave com Secretaria da Casa Mineira,Local da Chave com Secretaria da Casa Mineira,Não,[FS-CM],Sim,1045000,840,69,Mensalmente,,,,,,E,,,,
Casa Mineira,274448,22/02/2022,Sim,[FS-CM],Secretaria Casa Mineira,3125333000,secretaria@casamineira.com,Sim,,,Cobertura,Rua Leopoldina,232,30330230,11,1102,3,1,3,166,,Não,3,Linda cobertura duplex  1º Nível:  83 metros - 1 sala - 3 quartos sendo uma suite - banho social - cozinha com copa anexada - área de serviços  2º Nível: 40 metros de área construída com 1 sala - 1 quarto pequeno e 1 banho -  43 metros de área descoberta com espaço gourmet com bancada de granito - piscina - linda vista,PROPRIETÁRIO,Sim,Chave Comum,Local da Chave com Secretaria da Casa Mineira,Local da Chave com Secretaria da Casa Mineira,Não,[FS-CM],Sim,1290000,1800,,Mensalmente,,,,,,E,,,,
Casa Mineira,333988,22/02/2022,Sim,[FS-CM],Secretaria Casa Mineira,3125333000,secretaria@casamineira.com,Sim,,,Apartamento,Rua Flórida,176,30310710,1,102,4,1,2,150,,Não,2,"apartamento original, amplo, arejado e com privacidade de 4 quartos, sendo 1 suíte, 1 banho social, sala para 2 ambientes,  cozinha, área de serviço, DCE. 2 vagas em linha cobertas  box de despejo próximo a vaga de n 302 MATRICULA 26233 2º OFICIO REG,. IMÓVEL",PROPRIETÁRIO,Sim,Chave Comum,Local da Chave com Secretaria da Casa Mineira,Local da Chave com Secretaria da Casa Mineira,Não,[FS-CM],Sim,1200000,1250,360,Mensalmente,,,,,,893583349,,,ok-img (2022-03-10 15:42:21),
Casa Mineira,273040,22/02/2022,Sim,[FS-CM],Secretaria Casa Mineira,3125333000,secretaria@casamineira.com,Sim,,,Apartamento,Rua Flórida,176,30310710,9,APTO 902,4,1,2,133,,Não,2,,PROPRIETÁRIO,Sim,Chave Comum,Local da Chave com Secretaria da Casa Mineira,Local da Chave com Secretaria da Casa Mineira,Não,[FS-CM],Sim,1100000,1300,305,Mensalmente,,,,,,893583364,,,ok-img (2022-03-10 15:45:11),
Casa Mineira,331755,22/02/2022,Sim,[FS-CM],Secretaria Casa Mineira,3125333000,secretaria@casamineira.com,Sim,,,Casa,Rua Sagitário,313,30360230,,,4,4,5,412,,Não,4,,PROPRIETÁRIO,Sim,Chave Comum,Local da Chave com Secretaria da Casa Mineira,Local da Chave com Secretaria da Casa Mineira,Não,[FS-CM],Sim,1950000,,252,Mensalmente,,,,,,893583371,,,ok-img (2022-03-10 15:47:16),
Casa Mineira,345862,22/02/2022,Sim,[FS-CM],Secretaria Casa Mineira,3125333000,secretaria@casamineira.com,Sim,,,Apartamento,Rua Nunes Vieira,304,30350120,14,1402,2,0,1,62,,Não,1,,DESOCUPADO,Sim,Chave Comum,Local da Chave com Secretaria da Casa Mineira,Local da Chave com Secretaria da Casa Mineira,Não,[FS-CM],Sim,375000,750,122,Mensalmente,,,,,,E,,,,
Casa Mineira,324747,22/02/2022,Sim,[FS-CM],Secretaria Casa Mineira,3125333000,secretaria@casamineira.com,Sim,,,Casa,Rua Conselheiro Quintiliano Silva,330,30350040,,,4,1,2,150,,Não,2,sugestão de construção 6 aptos de 65m2,PROPRIETÁRIO,Sim,Chave Comum,Local da Chave com Secretaria da Casa Mineira,Local da Chave com Secretaria da Casa Mineira,Não,[FS-CM],Sim,990000,,335,Mensalmente,,,,,,893583387,,,ok-img (2022-03-10 15:48:50),
Casa Mineira,377132,22/02/2022,Sim,[FS-CM],Secretaria Casa Mineira,3125333000,secretaria@casamineira.com,Sim,,,Apartamento,Alameda do Morro,110,34006083,10,1002,1,1,2,56,,Não,1,,PROPRIETÁRIO,Sim,Chave Comum,Local da Chave com Secretaria da Casa Mineira,Local da Chave com Secretaria da Casa Mineira,Não,[FS-CM],Sim,930000,,,Mensalmente,,,,,,E,,,,
Casa Mineira,212165,22/02/2022,Sim,[FS-CM],Secretaria Casa Mineira,3125333000,secretaria@casamineira.com,Sim,,,Casa,Rua Senador Amaral,195,30315180,,,4,3,6,418,,Não,4,casa super conservada,PROPRIETÁRIO,Sim,Chave Comum,Local da Chave com Secretaria da Casa Mineira,Local da Chave com Secretaria da Casa Mineira,Não,[FS-CM],Sim,2100000,0,0,Mensalmente,,,,,,893583401,,,ok-img (2022-03-12 10:36:01),
Casa Mineira,412608,22/02/2022,Sim,[FS-CM],Secretaria Casa Mineira,3125333000,secretaria@casamineira.com,Sim,,,Apartamento,Rua Venezuela,302,30315250,2,202,3,1,2,90,,Não,1,".Apartamento impecável! !!!  Amplo , arejado,  iluminado e silencioso !!! .Cozinha e área de serviço  e banheiros reformados, armários novos em 2 quartos. .São 2 salas , 3 quartos sendo 1 suíte, banho social, cozinha e DCE. .1 vaga livre e coberta. Obs: Existem 2 acessos para o apartamento, um pela rua principal em acesso em porta exclusiva para pedestres pela garagem, e o outro acesso pela rua lateral. Localização: Rua plana, próximo a o comércio e ao Colégio Santa Dorotéia.",PROPRIETÁRIO,Sim,Chave Comum,Local da Chave com Secretaria da Casa Mineira,Local da Chave com Secretaria da Casa Mineira,Não,[FS-CM],Sim,485000,360,176,Mensalmente,,,,,,893583414,,,erro-sem_imgs,
Casa Mineira,227565,22/02/2022,Sim,[FS-CM],Secretaria Casa Mineira,3125333000,secretaria@casamineira.com,Sim,,,Casa,Rua Emílio Pinheiro de Barros,75,30360130,,casa,4,3,5,398,,Não,4,,PROPRIETÁRIO,Sim,Chave Comum,Local da Chave com Secretaria da Casa Mineira,Local da Chave com Secretaria da Casa Mineira,Não,[FS-CM],Sim,1750000,,450,Mensalmente,,,,,,893583423,,,ok-img (2022-03-12 10:46:09),
Casa Mineira,375057,22/02/2022,Sim,[FS-CM],Secretaria Casa Mineira,3125333000,secretaria@casamineira.com,Sim,,,Apartamento,Rua Via Láctea,330,30360270,1,101,3,1,2,95,,Não,1,,PROPRIETÁRIO,Sim,Chave Comum,Local da Chave com Secretaria da Casa Mineira,Local da Chave com Secretaria da Casa Mineira,Não,[FS-CM],Sim,390000,,,Mensalmente,,,,,,893583439,,,ok-img (2022-03-10 15:56:40),
Casa Mineira,270774,22/02/2022,Sim,[FS-CM],Secretaria Casa Mineira,3125333000,secretaria@casamineira.com,Sim,,,Casa,Rua Saturno,54,30360560,,,4,4,5,496,,Não,4,"Piso principal temos uma sala ampla para 2 ambientes, lareira e lavabo. Sala de jantar, escritório e cozinha com acesso para uma área externa coberta. Piso superior temos um estar íntimo e 4 suítes. No piso inferior, temos área de serviço, quarto e banho  para funcionária e 4 vagas de garagem cobertas e livres mas cabem até 6 carros. Temos ainda um amplo salão de festa, quarto de despejo e banheiro com acesso independente pelos 3 andares.",PROPRIETÁRIO,Sim,Chave Comum,Local da Chave com Secretaria da Casa Mineira,Local da Chave com Secretaria da Casa Mineira,Não,[FS-CM],Sim,1600000,,,Mensalmente,,,,,,893583455,,,ok-img (2022-03-10 15:58:22),
Casa Mineira,212646,22/02/2022,Sim,[FS-CM],Secretaria Casa Mineira,3125333000,secretaria@casamineira.com,Sim,,,Cobertura,Rua das Estrelas,135,34006089,15,1402,4,2,4,402,,Não,4,,PROPRIETÁRIO,Sim,Chave Comum,Local da Chave com Secretaria da Casa Mineira,Local da Chave com Secretaria da Casa Mineira,Não,[FS-CM],Sim,4250000,,,Mensalmente,,,,,,E,,,,
Casa Mineira,240099,22/02/2022,Sim,[FS-CM],Secretaria Casa Mineira,3125333000,secretaria@casamineira.com,Sim,,,Apartamento,Rua Nicarágua,127,30320050,2,201,3,1,2,110,,Não,2,,PROPRIETÁRIO,Sim,Chave Comum,Local da Chave com Secretaria da Casa Mineira,Local da Chave com Secretaria da Casa Mineira,Não,[FS-CM],Sim,480000,500,137,Mensalmente,,,,,,893583475,,,ok-img (2022-03-11 17:22:22),
Casa Mineira,317393,22/02/2022,Sim,[FS-CM],Secretaria Casa Mineira,3125333000,secretaria@casamineira.com,Sim,,,Apartamento,Rua Alfenas,455,30310230,3,307,3,1,2,95,,Não,1,,PROPRIETÁRIO,Sim,Chave Comum,Local da Chave com Secretaria da Casa Mineira,Local da Chave com Secretaria da Casa Mineira,Não,[FS-CM],Sim,500000,280,171,Mensalmente,,,,,,893583481,,,ok-img (2022-03-10 16:03:02),
Casa Mineira,392295,22/02/2022,Sim,[FS-CM],Secretaria Casa Mineira,3125333000,secretaria@casamineira.com,Sim,,,Apartamento,Rua Mar de Espanha,761,30330270,8,apto 801,3,1,2,98,,Não,2,Sala ampla: 2 ambientes Banhos: box blindex,PROPRIETÁRIO,Sim,Chave Comum,Local da Chave com Secretaria da Casa Mineira,Local da Chave com Secretaria da Casa Mineira,Não,[FS-CM],Sim,525000,,220,Mensalmente,,,,,,893583490,,,ok-img (2022-03-10 16:04:57),
Casa Mineira,336374,22/02/2022,Sim,[FS-CM],Secretaria Casa Mineira,3125333000,secretaria@casamineira.com,Sim,,,Cobertura,Rua Bráz Cubas,6,30310220,9,901,4,2,4,310,,Não,4,04 vagas de garagem que cabem 6 carros,PROPRIETÁRIO,Sim,Chave Comum,Local da Chave com Secretaria da Casa Mineira,Local da Chave com Secretaria da Casa Mineira,Não,[FS-CM],Sim,2600000,1700,653,Mensalmente,,,,,,E,,,,
Casa Mineira,400460,22/02/2022,Sim,[FS-CM],Secretaria Casa Mineira,3125333000,secretaria@casamineira.com,Sim,,,Apartamento,Rua Montevidéu,254,30315560,2,201,3,1,2,105,,Não,1,,PROPRIETÁRIO,Sim,Chave Comum,Local da Chave com Secretaria da Casa Mineira,Local da Chave com Secretaria da Casa Mineira,Não,[FS-CM],Sim,370000,,,Mensalmente,,,,,,893583505,,,ok-img (2022-03-10 16:06:56),
Casa Mineira,420530,22/02/2022,Sim,[FS-CM],Secretaria Casa Mineira,3125333000,secretaria@casamineira.com,Sim,,,Casa,Rua Santana de Caldas,204,30315150,,,4,4,5,450,,Não,6,,PROPRIETÁRIO,Sim,Chave Comum,Local da Chave com Secretaria da Casa Mineira,Local da Chave com Secretaria da Casa Mineira,Não,[FS-CM],Sim,2290000,,,Mensalmente,,,,,,893583512,,,erro-sem_imgs,
Casa Mineira,373055,22/02/2022,Sim,[FS-CM],Secretaria Casa Mineira,3125333000,secretaria@casamineira.com,Sim,,,Apartamento,Rua Juvenal Melo Senra,409,30320660,7,702,3,1,2,95,,Não,2,,INQUILINO,Sim,Chave Comum,Local da Chave com Secretaria da Casa Mineira,Local da Chave com Secretaria da Casa Mineira,Não,[FS-CM],Sim,900000,850,,Mensalmente,,,,,,E,,,,
Casa Mineira,108071,22/02/2022,Sim,[FS-CM],Secretaria Casa Mineira,3125333000,secretaria@casamineira.com,Sim,,,Apartamento,RUA MUZAMBINHO,358,30310280,1,101,3,1,2,110,,Não,1,"* Frente * Varanda / Sacada * Claro / Arejado. Prédio: Banhos reformados.
 Garagem: 1 vaga coberta e livre.",PROPRIETÁRIO,Sim,Chave Comum,Local da Chave com Secretaria da Casa Mineira,Local da Chave com Secretaria da Casa Mineira,Não,[FS-CM],Sim,575000,550,190,Mensalmente,,,,,,893583537,,,erro-img_pequena,
Casa Mineira,322530,22/02/2022,Sim,[FS-CM],Secretaria Casa Mineira,3125333000,secretaria@casamineira.com,Sim,,,Apartamento,Alameda do Ingá,572,34006069,7,702,3,1,1,102,,Não,2,,PROPRIETÁRIO,Sim,Chave Comum,Local da Chave com Secretaria da Casa Mineira,Local da Chave com Secretaria da Casa Mineira,Não,[FS-CM],Sim,880000,980,,Mensalmente,,,,,,E,,,,
Casa Mineira,399383,22/02/2022,Sim,[FS-CM],Secretaria Casa Mineira,3125333000,secretaria@casamineira.com,Sim,,,Apartamento,Rua Bicalho Tostes,44,30310340,2,201,3,1,2,129,,Não,2,,PROPRIETÁRIO,Sim,Chave Comum,Local da Chave com Secretaria da Casa Mineira,Local da Chave com Secretaria da Casa Mineira,Não,[FS-CM],Sim,880000,,,Mensalmente,,,,,,E,,,,
Casa Mineira,418472,22/02/2022,Sim,[FS-CM],Secretaria Casa Mineira,3125333000,secretaria@casamineira.com,Sim,,,Apartamento,Rua Equador,131,30330390,1,102,3,1,2,95,,Não,2,"Quarto de empregado transformado em escritório com acesso pela sala principal, fácil reversão para original.",PROPRIETÁRIO,Sim,Chave Comum,Local da Chave com Secretaria da Casa Mineira,Local da Chave com Secretaria da Casa Mineira,Não,[FS-CM],Sim,585000,678,182,Mensalmente,,,,,,893583556,,,erro-sem_imgs,
Casa Mineira,270488,22/02/2022,Sim,[FS-CM],Secretaria Casa Mineira,3125333000,secretaria@casamineira.com,Sim,,,Apartamento,Rua Passa Tempo,320,30310760,6,600,4,2,3,207,,Não,3,Excelente apto todo reformado - originalmente 4 quartos transformado em 3 - closet grande e estar íntimo na suíte master.,PROPRIETÁRIO,Sim,Chave Comum,Local da Chave com Secretaria da Casa Mineira,Local da Chave com Secretaria da Casa Mineira,Não,[FS-CM],Sim,1850000,,613,Mensalmente,,,,,,893583564,,,ok-img (2022-03-12 10:48:53),
Casa Mineira,277313,22/02/2022,Sim,[FS-CM],Secretaria Casa Mineira,3125333000,secretaria@casamineira.com,Sim,,,Apartamento,Rua Nunes Vieira,739,30350120,1,106,1,0,1,45,,Não,1,1 VAGA DE ESTACIONAMENTO PODENDO SER COBERTA OU DESCOBERTA LIVRE.,PROPRIETÁRIO,Sim,Chave Comum,Local da Chave com Secretaria da Casa Mineira,Local da Chave com Secretaria da Casa Mineira,Não,[FS-CM],Sim,325000,344,106,Mensalmente,,,,,,893583574,,,ok-img (2022-03-10 16:11:28),
Casa Mineira,417900,22/02/2022,Sim,[FS-CM],Secretaria Casa Mineira,3125333000,secretaria@casamineira.com,Sim,,,Apartamento,Rua Joaquim Murtinho,65,30350050,1,101,3,1,2,85,,Não,1,,PROPRIETÁRIO,Sim,Chave Comum,Local da Chave com Secretaria da Casa Mineira,Local da Chave com Secretaria da Casa Mineira,Não,[FS-CM],Sim,480000,550,210,Mensalmente,,,,,,893583585,,,erro-sem_imgs,
Casa Mineira,100239,22/02/2022,Sim,[FS-CM],Secretaria Casa Mineira,3125333000,secretaria@casamineira.com,Sim,,,Cobertura,Rua Copérnico Pinto Coelho,441,30350290,,301,4,2,3,220,,Não,2,"* Frente * Claro / Arejado * Área de Servico * Banho Empregada * Quarto Empregada. Prédio: Super conservado.
 Cob. Duplex 1  nível: Área útil 110m , 2 quartos, 1 sala p/ 3 ambientes, 2 banhos sendo 1 social e 1 suíte ambos c/ box de blindex, cozinha, área de serviço, dce / Amplo, claro e arejado, super conservado.
 2  nível: Área útil 110m , área construída 60m , terraço 50m , escada em alvenaria, 1 sala, varanda, 2 quartos, 1 banho social, pia / Terraço 100% coberto c/ telha colonial, vista agradável.
 Garagem: 2 vagas cobertas e livres.",PROPRIETÁRIO,Sim,Chave Comum,Local da Chave com Secretaria da Casa Mineira,Local da Chave com Secretaria da Casa Mineira,Não,[FS-CM],Sim,598000,,,Mensalmente,,,,,,E,,,,
Casa Mineira,371137,22/02/2022,Sim,[FS-CM],Secretaria Casa Mineira,3125333000,secretaria@casamineira.com,Sim,,,Apartamento,Rua Chicago,450,30315520,1,101,4,1,2,145,,Não,2,,PROPRIETÁRIO,Sim,Chave Comum,Local da Chave com Secretaria da Casa Mineira,Local da Chave com Secretaria da Casa Mineira,Não,[FS-CM],Sim,700000,,,Mensalmente,,,,,,893583605,,,ok-img (2022-03-10 16:13:37),
Casa Mineira,324154,22/02/2022,Sim,[FS-CM],Secretaria Casa Mineira,3125333000,secretaria@casamineira.com,Sim,,,Apartamento,Rua Venezuela,321,30315250,3,301,3,1,2,100,,Não,1,"Reformado, inclusive elétrica e hidráulica.  Vaga presa.",PROPRIETÁRIO,Sim,Chave Comum,Local da Chave com Secretaria da Casa Mineira,Local da Chave com Secretaria da Casa Mineira,Não,[FS-CM],Sim,550000,273,174,Mensalmente,,,,,,893583616,,,ok-img (2022-03-12 10:49:43),
Casa Mineira,394565,22/02/2022,Sim,[FS-CM],Secretaria Casa Mineira,3125333000,secretaria@casamineira.com,Sim,,,Apartamento,Rua Eugênio Murilo Rubião,180,30310540,3,300,4,2,4,300,,Não,4,,PROPRIETÁRIO,Sim,Chave Comum,Local da Chave com Secretaria da Casa Mineira,Local da Chave com Secretaria da Casa Mineira,Não,[FS-CM],Sim,2430000,1500,1196,Mensalmente,,,,,,893583628,,,ok-img (2022-03-10 16:23:59),
Casa Mineira,425958,22/02/2022,Sim,[FS-CM],Secretaria Casa Mineira,3125333000,secretaria@casamineira.com,Sim,,,Apartamento,Rua Pium-I,1087,30310080,5,503,1,0,1,35,,Não,1,,INQUILINO,Sim,Chave Comum,Local da Chave com Secretaria da Casa Mineira,Local da Chave com Secretaria da Casa Mineira,Não,[FS-CM],Sim,450000,550,186,Mensalmente,,,,,,E,,,,
Casa Mineira,431362,22/02/2022,Sim,[FS-CM],Secretaria Casa Mineira,3125333000,secretaria@casamineira.com,Sim,,,Apartamento,Rua Bolívia,539,30330360,5,501,3,1,2,85,,Não,2,,PROPRIETÁRIO,Sim,Chave Comum,Local da Chave com Secretaria da Casa Mineira,Local da Chave com Secretaria da Casa Mineira,Não,[FS-CM],Sim,550000,550,,Mensalmente,,,,,,E,,,,
Casa Mineira,342050,22/02/2022,Sim,[FS-CM],Secretaria Casa Mineira,3125333000,secretaria@casamineira.com,Sim,,,Apartamento,Rua Santa Maria Itabira,312,30310600,1,100,3,1,3,214,,Não,3,O apto tem 1 qt de despejo junto com uma lavanderia no PRIMEIRO andar !,PROPRIETÁRIO,Sim,Chave Comum,Local da Chave com Secretaria da Casa Mineira,Local da Chave com Secretaria da Casa Mineira,Não,[FS-CM],Sim,1100000,860,426,Mensalmente,,,,,,E,,,,
Casa Mineira,257249,22/02/2022,Sim,[FS-CM],Secretaria Casa Mineira,3125333000,secretaria@casamineira.com,Sim,,,Cobertura,Rua Ministro Orozimbo Nonato,488,34006053,13,1302,2,1,2,126,,Não,2,"Apto Duplex equipado com mobiliário.e ar Condicionado.
 1º nível ,1 qto sendo suite,1 sala,copa com geladeira.terraço com + ou _, 26m2.
 2º nível, 1 Qto, com Tv 20"",1 banho,1 saleta",DESOCUPADO,Sim,Chave Comum,Local da Chave com Secretaria da Casa Mineira,Local da Chave com Secretaria da Casa Mineira,Não,[FS-CM],Sim,599760,,,Mensalmente,,,,,,E,,,,
Casa Mineira,386599,22/02/2022,Sim,[FS-CM],Secretaria Casa Mineira,3125333000,secretaria@casamineira.com,Sim,,,Apartamento,Rua João Antônio Azeredo,60,30320610,6,601,4,2,3,168,,Não,3,,PROPRIETÁRIO,Sim,Chave Comum,Local da Chave com Secretaria da Casa Mineira,Local da Chave com Secretaria da Casa Mineira,Não,[FS-CM],Sim,1990000,2500,,Mensalmente,,,,,,893583678,,,ok-img (2022-03-10 16:25:19),
Casa Mineira,268385,22/02/2022,Sim,[FS-CM],Secretaria Casa Mineira,3125333000,secretaria@casamineira.com,Sim,,,Apartamento,Rua Bolívia,57,30330360,5,501,4,1,3,175,,Não,2,,PROPRIETÁRIO,Sim,Chave Comum,Local da Chave com Secretaria da Casa Mineira,Local da Chave com Secretaria da Casa Mineira,Não,[FS-CM],Sim,980000,500,326,Mensalmente,,,,,,E,,,,
Casa Mineira,278954,22/02/2022,Sim,[FS-CM],Secretaria Casa Mineira,3125333000,secretaria@casamineira.com,Sim,,,Casa,Avenida Bento Simão,670,30350750,,,4,1,3,330,,Não,4,,PROPRIETÁRIO,Sim,Chave Comum,Local da Chave com Secretaria da Casa Mineira,Local da Chave com Secretaria da Casa Mineira,Não,[FS-CM],Sim,1750000,,363,Mensalmente,,,,,,893583685,,,ok-img (2022-03-12 10:51:29),
Casa Mineira,94595,22/02/2022,Sim,[FS-CM],Secretaria Casa Mineira,3125333000,secretaria@casamineira.com,Sim,,,Apartamento,RUA BOLIVIA,483,30330360,2,201,4,1,2,200,,Não,2,". PRÉDIO: P. ELETRÔNICO, GÁS CANALIZADO, PILOTIS, ÁREA LIVRE, BOX DESPEJO. APTO: 4 QUARTOS, 3 SALAS, 2 VARANDAS, 2 BANHOS SENDO 1 SOCIAL E 1 SUÍTE AMBOS C/ BOX DE BLINDEX, COZINHA AMPLA E REFORMADA, ÁREA DE SERVIÇO, DCE. GARAGEM: 2 VAGAS COBERTAS E LIVRES.",PROPRIETÁRIO,Sim,Chave Comum,Local da Chave com Secretaria da Casa Mineira,Local da Chave com Secretaria da Casa Mineira,Não,[FS-CM],Sim,520000,,,Mensalmente,,,,,,E,,,,
Casa Mineira,280143,22/02/2022,Sim,[FS-CM],Secretaria Casa Mineira,3125333000,secretaria@casamineira.com,Sim,,,Apartamento,Rua Turibaté,30,30315410,1,102,3,1,2,95,,Não,2,,PROPRIETÁRIO,Sim,Chave Comum,Local da Chave com Secretaria da Casa Mineira,Local da Chave com Secretaria da Casa Mineira,Não,[FS-CM],Sim,650000,400,,Mensalmente,,,,,,893583698,,,ok-img (2022-03-10 16:28:34),
Casa Mineira,324689,22/02/2022,Sim,[FS-CM],Secretaria Casa Mineira,3125333000,secretaria@casamineira.com,Sim,,,Cobertura,Rua Patagônia,379,30320135,9,902,2,1,3,140,,Não,2,Hidromassagem,DESOCUPADO,Sim,Chave Comum,Local da Chave com Secretaria da Casa Mineira,Local da Chave com Secretaria da Casa Mineira,Não,[FS-CM],Sim,750000,1364,318,Mensalmente,,,,,,E,,,,
Casa Mineira,415596,22/02/2022,Sim,[FS-CM],Secretaria Casa Mineira,3125333000,secretaria@casamineira.com,Sim,,,Apartamento,Rua Leopoldina,821,30330230,7,701,3,1,2,108,,Não,3,,PROPRIETÁRIO,Sim,Chave Comum,Local da Chave com Secretaria da Casa Mineira,Local da Chave com Secretaria da Casa Mineira,Não,[FS-CM],Sim,790000,850,390,Mensalmente,,,,,,893583717,,,erro-sem_imgs,
Casa Mineira,422254,22/02/2022,Sim,[FS-CM],Secretaria Casa Mineira,3125333000,secretaria@casamineira.com,Sim,,,Apartamento,Rua Tobias Moscoso,185,30350610,3,304,3,1,2,100,,Não,2,"Apartamento excelente. Todo reformado e decorado. De extremo bom gosto. Localização excelente. Rua plana. O condomínio é R$600,00. Além disso, tem R$100,00 de Fundo de Reserva",PROPRIETÁRIO,Sim,Chave Comum,Local da Chave com Secretaria da Casa Mineira,Local da Chave com Secretaria da Casa Mineira,Não,[FS-CM],Sim,620000,600,197,Mensalmente,,,,,,893583726,,,erro-sem_imgs,
Casa Mineira,412299,22/02/2022,Sim,[FS-CM],Secretaria Casa Mineira,3125333000,secretaria@casamineira.com,Sim,,,Apartamento,Rua Deputado Álvaro Sales,426,30350250,3,302,3,1,2,100,,Não,2,Imóvel extremamente conservado e bem dividido,PROPRIETÁRIO,Sim,Chave Comum,Local da Chave com Secretaria da Casa Mineira,Local da Chave com Secretaria da Casa Mineira,Não,[FS-CM],Sim,435000,,,Mensalmente,,,,,,893583733,,,erro-sem_imgs,
Casa Mineira,337066,22/02/2022,Sim,[FS-CM],Secretaria Casa Mineira,3125333000,secretaria@casamineira.com,Sim,,,Apartamento,Rua Bambuí,563,30310320,1,104,3,0,1,180,,Não,2,"AREA PRIVATIVA DE FUNDOS EM ""U"" 1 VAGA COBERTA E LIVRE NO REGISTRO MAS PELO USO E CONSTUME , SAO 2 EM LINHA SENDO 1 DESCOBERTA",PROPRIETÁRIO,Sim,Chave Comum,Local da Chave com Secretaria da Casa Mineira,Local da Chave com Secretaria da Casa Mineira,Não,[FS-CM],Sim,495000,360,158,Mensalmente,,,,,,893583744,,,ok-img (2022-03-10 16:29:59),
Casa Mineira,249911,22/02/2022,Sim,[FS-CM],Secretaria Casa Mineira,3125333000,secretaria@casamineira.com,Sim,,,Casa,Rua Jornalista Djalma Andrade,2065,30320540,,,6,4,7,523,,Não,4,Casa muito bem construida com ótimo acabamento. Linda vista,PROPRIETÁRIO,Sim,Chave Comum,Local da Chave com Secretaria da Casa Mineira,Local da Chave com Secretaria da Casa Mineira,Não,[FS-CM],Sim,5500000,,1110,Mensalmente,,,,,,893583754,,,ok-img (2022-03-10 16:33:40),
Casa Mineira,246621,22/02/2022,Sim,[FS-CM],Secretaria Casa Mineira,3125333000,secretaria@casamineira.com,Sim,,,Apartamento,Alameda Oscar Niemeyer,1268,34006065,8,800,4,4,5,482,,Não,5,"Apto maravilhoso, impecável, acabamento alto luxo, decorado.",PROPRIETÁRIO,Sim,Chave Comum,Local da Chave com Secretaria da Casa Mineira,Local da Chave com Secretaria da Casa Mineira,Não,[FS-CM],Sim,4500000,4100,,Mensalmente,,,,,,E,,,,
Casa Mineira,351685,22/02/2022,Sim,[FS-CM],Secretaria Casa Mineira,3125333000,secretaria@casamineira.com,Sim,,,Apartamento,Alameda Oscar Niemeyer,858,34006056,10,1002 - Bl 02,3,1,2,92,,Não,2,"Cozinha com passa prato, linda vista",PROPRIETÁRIO,Sim,Chave Comum,Local da Chave com Secretaria da Casa Mineira,Local da Chave com Secretaria da Casa Mineira,Não,[FS-CM],Sim,1000000,1100,,Mensalmente,,,,,,E,,,,
Casa Mineira,389202,22/02/2022,Sim,[FS-CM],Secretaria Casa Mineira,3125333000,secretaria@casamineira.com,Sim,,,Apartamento,Rua Engenheiro Amaro Lanari,171,30310580,11,1101,4,2,4,154,,Não,4,,PROPRIETÁRIO,Sim,Chave Comum,Local da Chave com Secretaria da Casa Mineira,Local da Chave com Secretaria da Casa Mineira,Não,[FS-CM],Sim,1790000,2400,,Mensalmente,,,,,,893583771,,,ok-img (2022-03-10 16:34:49),
Casa Mineira,243406,22/02/2022,Sim,[FS-CM],Secretaria Casa Mineira,3125333000,secretaria@casamineira.com,Sim,,,Apartamento,Praça Deputado Renato Azeredo,260,30315420,7,701 e 801,5,3,5,330,,Não,4,"Apartamento Duplex 165 m² em cada nível, 
 1° Nível - 03 salas amplas, bar, lavabo, cozinha, área de serviço e DCE
 2° Nível - 05 quartos , sendo 3 suítes e 1 banheiro social. Suite master com hidro e amplo closet.",PROPRIETÁRIO,Sim,Chave Comum,Local da Chave com Secretaria da Casa Mineira,Local da Chave com Secretaria da Casa Mineira,Não,[FS-CM],Sim,1595000,2400,,Mensalmente,,,,,,893583782,,,ok-img (2022-03-10 16:36:48),
Casa Mineira,431878,22/02/2022,Sim,[FS-CM],Secretaria Casa Mineira,3125333000,secretaria@casamineira.com,Sim,,,Cobertura,Alameda do Ingá,676,34006042,8,801,2,2,3,102,,Não,2,"Cobertura duplex. 1°nível  1 sala para 2 ambientes a varanda foi integrada formando outro ambiente ,cozinha ,área de serviço e banho. 2°nível 2 suítes ,linda vista para montanhas",PROPRIETÁRIO,Sim,Chave Comum,Local da Chave com Secretaria da Casa Mineira,Local da Chave com Secretaria da Casa Mineira,Não,[FS-CM],Sim,780000,600,,Mensalmente,,,,,,E,,,,
Casa Mineira,317566,22/02/2022,Sim,[FS-CM],Secretaria Casa Mineira,3125333000,secretaria@casamineira.com,Sim,,,Apartamento,Rua Minas Novas,119,30310090,4,402,4,2,4,162,,Não,3,,PROPRIETÁRIO,Sim,Chave Comum,Local da Chave com Secretaria da Casa Mineira,Local da Chave com Secretaria da Casa Mineira,Não,[FS-CM],Sim,1690000,1300,600,Mensalmente,,,,,,893583805,,,ok-img (2022-03-10 16:38:01),
Casa Mineira,273864,22/02/2022,Sim,[FS-CM],Secretaria Casa Mineira,3125333000,secretaria@casamineira.com,Sim,,,Cobertura,Rua Venezuela,574,30315250,6,603,3,2,3,140,,Não,3,,PROPRIETÁRIO,Sim,Chave Comum,Local da Chave com Secretaria da Casa Mineira,Local da Chave com Secretaria da Casa Mineira,Não,[FS-CM],Sim,990000,,,Mensalmente,,,,,,E,,,,
Casa Mineira,319060,22/02/2022,Sim,[FS-CM],Secretaria Casa Mineira,3125333000,secretaria@casamineira.com,Sim,,,Apartamento,Rua das Acácias,486,34006003,12,1201,4,3,4,174,,Não,4,"Apartamento atualmente com 3 quartos, 3 suites e lavabo, sendo a suíte master com closet (espaço para Closet), varanda com vista panorâmica, sala para 2 ambientes, cozinha ampla, DCE, despensa, área de serviço. São 4 vagas de garagem no subsolo -3, sendo 2 em linha e 2 livres. Box de despejo de 4m² localizado no piso das vagas de garagem sentido elevador de final 2. Preparação para ar condicionado. 1 quarto foi modificado para aumentar a suíte master. Apartamento novo.",PROPRIETÁRIO,Sim,Chave Comum,Local da Chave com Secretaria da Casa Mineira,Local da Chave com Secretaria da Casa Mineira,Não,[FS-CM],Sim,1980000,1100,,Mensalmente,,,,,,E,,,,
Casa Mineira,96040,22/02/2022,Sim,[FS-CM],Secretaria Casa Mineira,3125333000,secretaria@casamineira.com,Sim,,,Casa,RUA CAMPANHA,167,30310770,,,3,1,2,250,,Não,2,"* Frente * Escritório * Área de Servico * Banho Empregada * Quarto Empregada. Lote: zoneamento ca 1.4, área 300M , frente 10M X fundos 30M, geomtria retangular, plano, murado / Sugestão de construção: 6 aptos de 63M  e 1 vaga. Casa: Área construída 250M , área descoberta 50M  / Excelente local. 1  Andar: 2 salas, 3 quartos, 2 banhos sendo 1 social e 1 suíte ambos c/ box blindex, cozinha, dce, lavanderia, área de serviço / possui uma edícula c/ 1 sala, 1 quarto, 1 banho, 1 oficina (quarto). Garagaem: 2 vagas descobertas e em linha.",PROPRIETÁRIO,Sim,Chave Comum,Local da Chave com Secretaria da Casa Mineira,Local da Chave com Secretaria da Casa Mineira,Não,[FS-CM],Sim,1800000,,,Mensalmente,,,,,,893583828,,,erro-img_pequena,
Casa Mineira,261726,22/02/2022,Sim,[FS-CM],Secretaria Casa Mineira,3125333000,secretaria@casamineira.com,Sim,,,Apartamento,Rua Carangola,253,30330240,8,802,3,1,2,105,,Não,2,,PROPRIETÁRIO,Sim,Chave Comum,Local da Chave com Secretaria da Casa Mineira,Local da Chave com Secretaria da Casa Mineira,Não,[FS-CM],Sim,950000,,308,Mensalmente,,,,,,893583837,,,ok-img (2022-03-10 16:39:58),
Casa Mineira,428415,22/02/2022,Sim,[FS-CM],Secretaria Casa Mineira,3125333000,secretaria@casamineira.com,Sim,,,Apartamento,Rua Severino Melo Jardim,85,30320580,8,802,4,2,4,176,,Não,3,,PROPRIETÁRIO,Sim,Chave Comum,Local da Chave com Secretaria da Casa Mineira,Local da Chave com Secretaria da Casa Mineira,Não,[FS-CM],Sim,1880000,,,Mensalmente,,,,,,E,,,,
Casa Mineira,265606,22/02/2022,Sim,[FS-CM],Secretaria Casa Mineira,3125333000,secretaria@casamineira.com,Sim,,,Apartamento,Rua Joaquim Lustosa,35,30310410,2,201,2,1,2,74,,Não,1,,PROPRIETÁRIO,Sim,Chave Comum,Local da Chave com Secretaria da Casa Mineira,Local da Chave com Secretaria da Casa Mineira,Não,[FS-CM],Sim,420000,400,170,Mensalmente,,,,,,893583866,,,ok-img (2022-03-10 16:40:44),
Casa Mineira,350843,22/02/2022,Sim,[FS-CM],Secretaria Casa Mineira,3125333000,secretaria@casamineira.com,Sim,,,Apartamento,Rua Venezuela,302,30315250,3,302,3,1,2,90,,Não,1,Direito de uso de cobertura.,PROPRIETÁRIO,Sim,Chave Comum,Local da Chave com Secretaria da Casa Mineira,Local da Chave com Secretaria da Casa Mineira,Não,[FS-CM],Sim,580000,510,160,Mensalmente,,,,,,893583877,,,ok-img (2022-03-10 16:41:42),
Casa Mineira,320219,22/02/2022,Sim,[FS-CM],Secretaria Casa Mineira,3125333000,secretaria@casamineira.com,Sim,,,Apartamento,Rua São João Evangelista,849,30330140,5,501,3,1,2,128,,Não,2,,PROPRIETÁRIO,Sim,Chave Comum,Local da Chave com Secretaria da Casa Mineira,Local da Chave com Secretaria da Casa Mineira,Não,[FS-CM],Sim,745000,850,340,Mensalmente,,,,,,893583889,,,ok-img (2022-03-11 17:24:26),
Casa Mineira,326475,22/02/2022,Sim,[FS-CM],Secretaria Casa Mineira,3125333000,secretaria@casamineira.com,Sim,,,Casa,Rua Desembargador Penna,85,30320220,,,4,1,5,716,,Não,5,,PROPRIETÁRIO,Sim,Chave Comum,Local da Chave com Secretaria da Casa Mineira,Local da Chave com Secretaria da Casa Mineira,Não,[FS-CM],Sim,4500000,,1280,Mensalmente,,,,,,893583898,,,ok-img (2022-03-10 16:46:40),
Casa Mineira,384800,22/02/2022,Sim,[FS-CM],Secretaria Casa Mineira,3125333000,secretaria@casamineira.com,Sim,,,Cobertura,Rua Bráz Cubas,67,30310220,3,301,3,1,3,134,,Não,2,,PROPRIETÁRIO,Sim,Chave Comum,Local da Chave com Secretaria da Casa Mineira,Local da Chave com Secretaria da Casa Mineira,Não,[FS-CM],Sim,910000,450,385,Mensalmente,,,,,,E,,,,
Casa Mineira,330628,22/02/2022,Sim,[FS-CM],Secretaria Casa Mineira,3125333000,secretaria@casamineira.com,Sim,,,Apartamento,Rua São Romão,542,30330120,3,301,4,1,2,171,,Não,2,,PROPRIETÁRIO,Sim,Chave Comum,Local da Chave com Secretaria da Casa Mineira,Local da Chave com Secretaria da Casa Mineira,Não,[FS-CM],Sim,930000,,243,Mensalmente,,,,,,E,,,,
Casa Mineira,257365,22/02/2022,Sim,[FS-CM],Secretaria Casa Mineira,3125333000,secretaria@casamineira.com,Sim,,,Casa,Rua Centauro,663,30360310,,,4,3,5,525,,Não,8,"Sala com louçaria, Vestiário masculino e feminino no espaço gourmet.",PROPRIETÁRIO,Sim,Chave Comum,Local da Chave com Secretaria da Casa Mineira,Local da Chave com Secretaria da Casa Mineira,Não,[FS-CM],Sim,2200000,,,Mensalmente,,,,,,893583927,,,ok-img (2022-03-10 16:48:23),
Casa Mineira,416105,22/02/2022,Sim,[FS-CM],Secretaria Casa Mineira,3125333000,secretaria@casamineira.com,Sim,,,Apartamento,Rua Nicarágua,275,30320050,4,404,2,0,2,90,,Não,1,"Prédio reformado, rua plana, local tranquilo e seguro, portaria 24 hs, gás canalizado, 2 elevadores, salão de festas, mesa de jogo, jardins. Apartamento todo reformado quarto de empregada transformado em closet, cozinha americana com  despensa, 01 vaga grande coberta e livre que cabem até 2 carros.",PROPRIETÁRIO,Sim,Chave Comum,Local da Chave com Secretaria da Casa Mineira,Local da Chave com Secretaria da Casa Mineira,Não,[FS-CM],Sim,450000,,120,Mensalmente,,,,,,893583946,,,erro-sem_imgs,
Casa Mineira,276726,22/02/2022,Sim,[FS-CM],Secretaria Casa Mineira,3125333000,secretaria@casamineira.com,Sim,,,Casa,Rua Agena,180,30360730,,,6,1,4,487,,Não,4,"VISTA PANORÂMICA , 4VAGAS DE GARAGEM SENDO 2 DUPLAS 4 quartos, dois escritórios,  CASA EM 2 LOTES , PRÓXIMA AO BH SHOPPING",PROPRIETÁRIO,Sim,Chave Comum,Local da Chave com Secretaria da Casa Mineira,Local da Chave com Secretaria da Casa Mineira,Não,[FS-CM],Sim,2280000,,,Mensalmente,,,,,,893583960,,,ok-img (2022-03-10 16:49:45),
Casa Mineira,373824,22/02/2022,Sim,[FS-CM],Secretaria Casa Mineira,3125333000,secretaria@casamineira.com,Sim,,,Cobertura,Avenida Paulo Camilo Pena,609,30320380,16,1601,4,2,5,344,,Não,4,"Excelente cobertura com linda decoração, toda automatizada com sistema de iluminação e câmeras através de aplicativo. Pisos aquecidos. Todos os armários Marcato. Sistema de som Denon. 1º piso: sala toda decorada com piso em granito bisotado, porta blindada de acesso aos quartos. 3 quartos sendo 2 suítes, a master com closet e ar condicionado. Banho master: parede, piso e bancada com dois bojos, todos em porcelanato. Cozinha toda montada, rica em armários, piso em porcelanato. Área de serviço e D.C.E em porcelanato. 2 piso: sala para 3 ambientes, toda decorada, iluminação planejada e sistema de som Denon, espaço gourmet rico em armários Marcato, mesa em Neolith, forno, adega Elettromec p/84 garrafas, churrasqueira à gás, fogão italiano Bertazzoni, 2 coifas industriais, pisos em porcelanato. Quarto com armários, piso em porcenalato. Lavabo com iluminação planejada. Área externa possui piscina com aquecimento solar e elétrico, teto retrátil, iluminação planejada e projetor. Gentileza colocar essas informações no sistema.",PROPRIETÁRIO,Sim,Chave Comum,Local da Chave com Secretaria da Casa Mineira,Local da Chave com Secretaria da Casa Mineira,Não,[FS-CM],Sim,6200000,,,Mensalmente,,,,,,E,,,,
Casa Mineira,313715,22/02/2022,Sim,[FS-CM],Secretaria Casa Mineira,3125333000,secretaria@casamineira.com,Sim,,,Apartamento,Rua Alfenas,181,30310230,3,301,4,1,2,159,,Não,2,,PROPRIETÁRIO,Sim,Chave Comum,Local da Chave com Secretaria da Casa Mineira,Local da Chave com Secretaria da Casa Mineira,Não,[FS-CM],Sim,625000,550,,Mensalmente,,,,,,893583977,,,ok-img (2022-03-10 16:50:40),
Casa Mineira,267334,22/02/2022,Sim,[FS-CM],Secretaria Casa Mineira,3125333000,secretaria@casamineira.com,Sim,,,Casa,Rua Professor Sylvio Barbosa,479,30320430,,,6,5,6,762,,Não,6,,PROPRIETÁRIO,Sim,Chave Comum,Local da Chave com Secretaria da Casa Mineira,Local da Chave com Secretaria da Casa Mineira,Não,[FS-CM],Sim,7200000,,1364,Mensalmente,,,,,,893583989,,,ok-img (2022-03-10 16:53:13),
Casa Mineira,269703,22/02/2022,Sim,[FS-CM],Secretaria Casa Mineira,3125333000,secretaria@casamineira.com,Sim,,,Apartamento,Rua Ouro Fino,60,30310110,2,201 e 202,2,2,3,68,,Não,2,,PROPRIETÁRIO,Sim,Chave Comum,Local da Chave com Secretaria da Casa Mineira,Local da Chave com Secretaria da Casa Mineira,Não,[FS-CM],Sim,776940,,,Mensalmente,,,,,,E,,,,
Casa Mineira,425771,22/02/2022,Sim,[FS-CM],Secretaria Casa Mineira,3125333000,secretaria@casamineira.com,Sim,,,Apartamento,Rua Plêiades,373,30360190,2,203,3,1,2,110,,Não,2,Banheiro social reformado.,PROPRIETÁRIO,Sim,Chave Comum,Local da Chave com Secretaria da Casa Mineira,Local da Chave com Secretaria da Casa Mineira,Não,[FS-CM],Sim,485000,600,208,Mensalmente,,,,,,893584005,,,erro-sem_imgs,
Casa Mineira,316802,22/02/2022,Sim,[FS-CM],Secretaria Casa Mineira,3125333000,secretaria@casamineira.com,Sim,,,Apartamento,Rua Lavras,135,30330010,3,304,3,0,1,120,,Não,1,Só um lance de escada,PROPRIETÁRIO,Sim,Chave Comum,Local da Chave com Secretaria da Casa Mineira,Local da Chave com Secretaria da Casa Mineira,Não,[FS-CM],Sim,730000,850,194,Mensalmente,,,,,,893584011,,,ok-img (2022-03-12 10:05:20),
Casa Mineira,414734,22/02/2022,Sim,[FS-CM],Secretaria Casa Mineira,3125333000,secretaria@casamineira.com,Sim,,,Apartamento,Rua Patagônia,55,30320080,14,1402,2,0,1,80,,Não,1,Transformou o quarto DCE em sala - ampliando a sala para 3 ambientes,PROPRIETÁRIO,Sim,Chave Comum,Local da Chave com Secretaria da Casa Mineira,Local da Chave com Secretaria da Casa Mineira,Não,[FS-CM],Sim,560000,,218,Mensalmente,,,,,,893584021,,,erro-sem_imgs,
Casa Mineira,374285,22/02/2022,Sim,[FS-CM],Secretaria Casa Mineira,3125333000,secretaria@casamineira.com,Sim,,,Apartamento,Rua Cristina,1163,30330228,4,402,1,1,1,50,,Não,1,Construtora EPO,PROPRIETÁRIO,Sim,Chave Comum,Local da Chave com Secretaria da Casa Mineira,Local da Chave com Secretaria da Casa Mineira,Não,[FS-CM],Sim,380000,1300,150,Mensalmente,,,,,,893584031,,,ok-img (2022-03-10 16:55:54),
Casa Mineira,395831,22/02/2022,Sim,[FS-CM],Secretaria Casa Mineira,3125333000,secretaria@casamineira.com,Sim,,,Apartamento,Avenida Prudente de Morais,1701,30350213,3,302,3,1,2,98,,Não,2,,PROPRIETÁRIO,Sim,Chave Comum,Local da Chave com Secretaria da Casa Mineira,Local da Chave com Secretaria da Casa Mineira,Não,[FS-CM],Sim,520000,,,Mensalmente,,,,,,893584044,,,ok-img (2022-03-10 16:56:44),
Casa Mineira,212622,22/02/2022,Sim,[FS-CM],Secretaria Casa Mineira,3125333000,secretaria@casamineira.com,Sim,,,Apartamento,R DEPUTADO ALVARO SALES,426,30350250,4,401,3,1,2,100,,Não,2,,PROPRIETÁRIO,Sim,Chave Comum,Local da Chave com Secretaria da Casa Mineira,Local da Chave com Secretaria da Casa Mineira,Não,[FS-CM],Sim,450000,0,0,Mensalmente,,,,,,893584055,,,ok-img (2022-03-10 16:57:25),
Casa Mineira,275845,22/02/2022,Sim,[FS-CM],Secretaria Casa Mineira,3125333000,secretaria@casamineira.com,Sim,,,Casa,Rua Jornalista Djalma de Andrade,1820,34006203,,,6,6,8,958,,Não,5,"Casa referência em construção e decoração de interior, com publicações em vários jornais e revistas de prestígio da cidade  1o Piso -  Hall de entrada em mármore branco cintilante, área interna social bastante ampla com piso de mármore branco cintilante (paginado em peças de 160 x 110m), pé direito duplo, lareira, lavabo decorado com mármore italiano, salas de estar e TVsala de jantar, 01 amplo escritório, cozinha com piso de ladrilho hidráulico, fogão em ilha, armários planejados, duas despensas, adega com bancada para degustação, ampla lavanderia, dependência completa de empregado(s), 05 vagas no registro, mas cabem 10 carros, rampa de acesso larga. Elevador que interliga os 3 pavimentos. Lazer com maravilhoso, piscina com aquecimento solar e iluminação, SPA aquecido, sala de fitness, sauna, espaço gourmet amplo com churrasqueira, bancadas de apoio em mármore e madeira envelhecida, parede lateral decorada com ladrilho hidráulico, bancada com pia e fogão elétrico e armários planejados. Lote ao lado gramado e com jardim contendo dois canis (o lote poderá ser utilizado para quadra poliesportiva ou como Heliponto (30 X 30 m2 = 900 m2), 01 dependência completa para motorista, 01 reservatório de água da COPASA e outro reservatório para coleta de água de chuva de 5.000 litros cada, 02 depósitos.  Vista para toda Belo Horizonte, sistema de vigilância e monitoramento com câmeras, cerca elétrica, guarita com banheiro.  2o Piso - Área íntima composta de 01 sala de estar íntimo, lindo espaço contendo bancada vermelha de Corian com pia em aço inoxidável, frigobar e armários. Cinco suítes além da suíte máster, com piso de laminado flutuante, closet montados com armários planejados, todos os banhos com pisos e bancadas de mármore, armários, espelhos, box de vidro temperado, aquecimento solar, metais DECA.  Ampla suíte máster (86 m2) com varanda e linda vista para a piscina , 01 sala de estar, banheiro do casal com dois sanitários individuais, dois chuveiros e grande banheira de hidromassagem, com finíssimo acabamento de mármore branco cintilante por todo o banheiro, armários planejados e duas amplas bancadas com espelhos. 3o andar - Sótão Escritório com linda vista para BH e sala para de guarda de documentos.  Ponto nobre do bairro belvedere, rua quase plana, com pouco tráfego de veículos e totalmente fora das vias mais movimentadas do bairro.",INQUILINO,Sim,Chave Comum,Local da Chave com Secretaria da Casa Mineira,Local da Chave com Secretaria da Casa Mineira,Não,[FS-CM],Sim,10900000,,3500,Mensalmente,,,,,,E,,,,
Casa Mineira,400683,22/02/2022,Sim,[FS-CM],Secretaria Casa Mineira,3125333000,secretaria@casamineira.com,Sim,,,Casa,Rua Professor Sálvio Nunes,122,30315070,,,6,4,4,700,,Não,6,Localização previlegiada com vista definitiva da serra do curral e da Praça do Papa.,PROPRIETÁRIO,Sim,Chave Comum,Local da Chave com Secretaria da Casa Mineira,Local da Chave com Secretaria da Casa Mineira,Não,[FS-CM],Sim,6000000,,1230,Mensalmente,,,,,,893584087,,,ok-img (2022-03-10 16:58:56),
Casa Mineira,258590,22/02/2022,Sim,[FS-CM],Secretaria Casa Mineira,3125333000,secretaria@casamineira.com,Sim,,,Apartamento,Rua Professor Aníbal Mattos,320,30350220,1,102,3,1,2,107,,Não,2,,PROPRIETÁRIO,Sim,Chave Comum,Local da Chave com Secretaria da Casa Mineira,Local da Chave com Secretaria da Casa Mineira,Não,[FS-CM],Sim,450000,800,,Mensalmente,,,,,,893584099,,,ok-img (2022-03-10 17:00:21),
Casa Mineira,390430,22/02/2022,Sim,[FS-CM],Secretaria Casa Mineira,3125333000,secretaria@casamineira.com,Sim,,,Apartamento,Rua Pains,59,30310620,2,201,3,1,2,98,,Não,1,Claro e arejado,PROPRIETÁRIO,Sim,Chave Comum,Local da Chave com Secretaria da Casa Mineira,Local da Chave com Secretaria da Casa Mineira,Não,[FS-CM],Sim,495000,425,,Mensalmente,,,,,,893584111,,,ok-img (2022-03-12 10:06:36),
Casa Mineira,398520,22/02/2022,Sim,[FS-CM],Secretaria Casa Mineira,3125333000,secretaria@casamineira.com,Sim,,,Apartamento,Rua Abre Campo,496,30350190,4,401,2,1,2,65,,Não,1,,PROPRIETÁRIO,Sim,Chave Comum,Local da Chave com Secretaria da Casa Mineira,Local da Chave com Secretaria da Casa Mineira,Não,[FS-CM],Sim,390000,540,160,Mensalmente,,,,,,893584122,,,ok-img (2022-03-10 17:03:33),
Casa Mineira,271055,22/02/2022,Sim,[FS-CM],Secretaria Casa Mineira,3125333000,secretaria@casamineira.com,Sim,,,Apartamento,Rua Ministro Orozimbo Nonato,488,34006053,12,1203,1,1,1,33,,Não,1,Imóvel no pool.,DESOCUPADO,Sim,Chave Comum,Local da Chave com Secretaria da Casa Mineira,Local da Chave com Secretaria da Casa Mineira,Não,[FS-CM],Sim,250000,1250,,Mensalmente,,,,,,E,,,,
Casa Mineira,389652,22/02/2022,Sim,[FS-CM],Secretaria Casa Mineira,3125333000,secretaria@casamineira.com,Sim,,,Apartamento,Rua Matipó,412,30350210,6,602,3,1,2,130,,Não,2,"Apartamento finamente decorado, todos os móveis planejados serão deixados. Vista maravilhosa e definitiva.",PROPRIETÁRIO,Sim,Chave Comum,Local da Chave com Secretaria da Casa Mineira,Local da Chave com Secretaria da Casa Mineira,Não,[FS-CM],Sim,720000,700,,Mensalmente,,,,,,893584135,,,ok-img (2022-03-10 17:05:48),
Casa Mineira,102083,22/02/2022,Sim,[FS-CM],Secretaria Casa Mineira,3125333000,secretaria@casamineira.com,Sim,,,Apartamento,RUA GRAJAU,168,30310480,1,101,6,1,5,254,,Não,2,"* Frente * Closet * Varanda / Sacada * Escritório * Despensa * Área de Servico * Banho Empregada * Quarto Empregada * Piscina. Duplex c/ área privativa - Anchieta Excelente localização, px.a Av. Francisco Deslandes, 1 por andar, piscina, apto claro, arejado, amplo, área privativa, muitos armários e 2 vagas cobertas. Prédio: Excelente local / São 2 aptos no prédio sendo 1 duplex c/ área privativa e cobertura. Apto duplex 1  nível: Área útil 154M , 4 quartos, closet na suíte, 2 salas sendo 1 p/ 3 ambientes, varanda, 3 banhos sendo 1 social e 1 suíte ambos c/ box blindex, lavabo / Possui 1 edícula c/ 2 cômodos e porta p/ suíte c/ escada p/ área privativa. 2  Nível: área útil 100M , área cosntruída 60M , área privativa 40M , escada em alvenaria, sala, 2 quartos, 2 banhos sendo suíte e lavabo, piscina, cozinha c/ despensa, dce e área de serviço. Garagem: 2 vagas cobertas e em linha.",PROPRIETÁRIO,Sim,Chave Comum,Local da Chave com Secretaria da Casa Mineira,Local da Chave com Secretaria da Casa Mineira,Não,[FS-CM],Sim,1100000,500,469,Mensalmente,,,,,,893584159,,,ok-img (2022-03-10 17:07:22),
Casa Mineira,267121,22/02/2022,Sim,[FS-CM],Secretaria Casa Mineira,3125333000,secretaria@casamineira.com,Sim,,,Apartamento,Rua Universo,465,30350612,6,63,3,1,2,145,,Não,1,Sala enorme para 3 ambientes /// Apartamento muito claro e arejado /// Reformado,PROPRIETÁRIO,Sim,Chave Comum,Local da Chave com Secretaria da Casa Mineira,Local da Chave com Secretaria da Casa Mineira,Não,[FS-CM],Sim,710000,680,231,Mensalmente,,,,,,893584170,,,ok-img (2022-03-10 17:08:17),
Casa Mineira,314670,22/02/2022,Sim,[FS-CM],Secretaria Casa Mineira,3125333000,secretaria@casamineira.com,Sim,,,Apartamento,Rua Engenheiro Caetano Lopes,76,30315350,1,101,4,2,4,573,,Não,3,"Apartamento com área total de 573m², sendo área privativa de 253m² com piscina de raia, deck de madeira, área gourmet, árvores frutíferas.",PROPRIETÁRIO,Sim,Chave Comum,Local da Chave com Secretaria da Casa Mineira,Local da Chave com Secretaria da Casa Mineira,Não,[FS-CM],Sim,2500000,2500,,Mensalmente,,,,,,893584187,,,ok-img (2022-03-10 17:11:24),
Casa Mineira,241249,22/02/2022,Sim,[FS-CM],Secretaria Casa Mineira,3125333000,secretaria@casamineira.com,Sim,,,Apartamento,Rua Rio Verde,532,30310750,2,Apto. 201,4,2,4,164,,Não,3,,PROPRIETÁRIO,Sim,Chave Comum,Local da Chave com Secretaria da Casa Mineira,Local da Chave com Secretaria da Casa Mineira,Não,[FS-CM],Sim,1550000,2200,720,Mensalmente,,,,,,893584200,,,ok-img (2022-03-10 17:12:37),
Casa Mineira,395807,22/02/2022,Sim,[FS-CM],Secretaria Casa Mineira,3125333000,secretaria@casamineira.com,Sim,,,Apartamento,Rua Boa Esperança,226,30310730,4,401,4,1,4,232,,Não,3,"Apartamento super conservado, armários novos, reformado, vista linda, muito abaixo do valor avaliado! Vaga para visitante",PROPRIETÁRIO,Sim,Chave Comum,Local da Chave com Secretaria da Casa Mineira,Local da Chave com Secretaria da Casa Mineira,Não,[FS-CM],Sim,1650000,1725,,Mensalmente,,,,,,893584212,,,ok-img (2022-03-12 10:54:47),
Casa Mineira,415583,22/02/2022,Sim,[FS-CM],Secretaria Casa Mineira,3125333000,secretaria@casamineira.com,Sim,,,Casa,Rua Adolfo Radice,143,30315050,,,6,3,6,720,,Não,4,"Cozinha integrada à área goumert, piscina, adega e lavanderia / Cozinha em granito preto No segundo andar acesso ao terraço pela suíte master e pelas semi-suites. Suíte no nível da garagem e piso mata rocha",PROPRIETÁRIO,Sim,Chave Comum,Local da Chave com Secretaria da Casa Mineira,Local da Chave com Secretaria da Casa Mineira,Não,[FS-CM],Sim,5200000,,1120,Mensalmente,,,,,,893584222,,,erro-sem_imgs,
Casa Mineira,335831,22/02/2022,Sim,[FS-CM],Secretaria Casa Mineira,3125333000,secretaria@casamineira.com,Sim,,,Apartamento,Rua Patagônia,1023,30320135,4,401 Bl 02,4,1,1,98,,Não,2,,PROPRIETÁRIO,Sim,Chave Comum,Local da Chave com Secretaria da Casa Mineira,Local da Chave com Secretaria da Casa Mineira,Não,[FS-CM],Sim,730000,660,355,Mensalmente,,,,,,893584229,,,ok-img (2022-03-10 17:17:47),
Casa Mineira,330382,22/02/2022,Sim,[FS-CM],Secretaria Casa Mineira,3125333000,secretaria@casamineira.com,Sim,,,Apartamento,Rua Deputado Álvaro Sales,173,30350250,3,301,3,1,2,62,,Não,2,,PROPRIETÁRIO,Sim,Chave Comum,Local da Chave com Secretaria da Casa Mineira,Local da Chave com Secretaria da Casa Mineira,Não,[FS-CM],Sim,500000,550,190,Mensalmente,,,,,,893584235,,,ok-img (2022-03-12 10:56:02),
Casa Mineira,326806,22/02/2022,Sim,[FS-CM],Secretaria Casa Mineira,3125333000,secretaria@casamineira.com,Sim,,,Apartamento,Rua Nunes Vieira,267,30350120,7,701,4,1,3,160,,Não,3,,PROPRIETÁRIO,Sim,Chave Comum,Local da Chave com Secretaria da Casa Mineira,Local da Chave com Secretaria da Casa Mineira,Não,[FS-CM],Sim,1150000,1300,530,Mensalmente,,,,,,893584241,,,ok-img (2022-03-10 17:20:29),
Casa Mineira,340179,22/02/2022,Sim,[FS-CM],Secretaria Casa Mineira,3125333000,secretaria@casamineira.com,Sim,,,Apartamento,Rua Santa Maria Itabira,200,30310600,1,102,1,0,1,55,,Não,1,,PROPRIETÁRIO,Sim,Chave Comum,Local da Chave com Secretaria da Casa Mineira,Local da Chave com Secretaria da Casa Mineira,Não,[FS-CM],Sim,450000,700,,Mensalmente,,,,,,893584249,,,ok-img (2022-03-10 17:21:08),
Casa Mineira,393533,22/02/2022,Sim,[FS-CM],Secretaria Casa Mineira,3125333000,secretaria@casamineira.com,Sim,,,Apartamento,Rua Bolívia,113,30330360,4,401,3,1,2,110,,Não,1,"Apartamento original de 3 quartos, porém um dos quartos foi integrado para sala, mas fácil de reverter.",PROPRIETÁRIO,Sim,Chave Comum,Local da Chave com Secretaria da Casa Mineira,Local da Chave com Secretaria da Casa Mineira,Não,[FS-CM],Sim,510000,1400,,Mensalmente,,,,,,E,,,,
Casa Mineira,263958,22/02/2022,Sim,[FS-CM],Secretaria Casa Mineira,3125333000,secretaria@casamineira.com,Sim,,,Apartamento,Rua Mantena,32,30310660,4,701,3,1,2,85,,Não,2,Aquecimento a gás,PROPRIETÁRIO,Sim,Chave Comum,Local da Chave com Secretaria da Casa Mineira,Local da Chave com Secretaria da Casa Mineira,Não,[FS-CM],Sim,1250000,450,458,Mensalmente,,,,,,893584255,,,ok-img (2022-03-10 17:22:01),
Casa Mineira,417415,22/02/2022,Sim,[FS-CM],Secretaria Casa Mineira,3125333000,secretaria@casamineira.com,Sim,,,Apartamento,Rua Nunes Vieira,388,30350120,12,1202,3,0,1,80,,Não,1,,PROPRIETÁRIO,Sim,Chave Comum,Local da Chave com Secretaria da Casa Mineira,Local da Chave com Secretaria da Casa Mineira,Não,[FS-CM],Sim,538000,587,180,Mensalmente,,,,,,E,,,,
Casa Mineira,317966,22/02/2022,Sim,[FS-CM],Secretaria Casa Mineira,3125333000,secretaria@casamineira.com,Sim,,,Apartamento,Rua Peru,155,30320040,3,303,3,1,2,86,,Não,1,Imóvel possui DCE e banheiro de empregada.,INQUILINO,Sim,Chave Comum,Local da Chave com Secretaria da Casa Mineira,Local da Chave com Secretaria da Casa Mineira,Não,[FS-CM],Sim,490000,270,155,Mensalmente,,,,,,E,,,,
Casa Mineira,276801,22/02/2022,Sim,[FS-CM],Secretaria Casa Mineira,3125333000,secretaria@casamineira.com,Sim,,,Apartamento,Rua Alfenas,340,30310230,2,202,4,0,2,125,,Não,2,,PROPRIETÁRIO,Sim,Chave Comum,Local da Chave com Secretaria da Casa Mineira,Local da Chave com Secretaria da Casa Mineira,Não,[FS-CM],Sim,600000,,239,Mensalmente,,,,,,893584292,,,ok-img (2022-03-10 17:24:37),
Casa Mineira,315471,22/02/2022,Sim,[FS-CM],Secretaria Casa Mineira,3125333000,secretaria@casamineira.com,Sim,,,Apartamento,Rua Patagônia,116,30320080,3,302,2,1,2,69,,Não,2,Pegou parte do quarto de empregada e fez uma rouparia . A parte que restou desse quarto pode ser usada como despensa ou um pequeno escritório.,PROPRIETÁRIO,Sim,Chave Comum,Local da Chave com Secretaria da Casa Mineira,Local da Chave com Secretaria da Casa Mineira,Não,[FS-CM],Sim,540000,943,240,Mensalmente,,,,,,893584306,,,ok-img (2022-03-10 17:25:50),
Casa Mineira,269174,22/02/2022,Sim,[FS-CM],Secretaria Casa Mineira,3125333000,secretaria@casamineira.com,Sim,,,Apartamento,Rua Ouro Fino,60,30310110,1,102,2,2,3,126,,Não,2,"apto 101 valor 912.180,00 Apto 102 valor 1.033.436,00",PROPRIETÁRIO,Sim,Chave Comum,Local da Chave com Secretaria da Casa Mineira,Local da Chave com Secretaria da Casa Mineira,Não,[FS-CM],Sim,912180,,,Mensalmente,,,,,,893584317,,,ok-img (2022-03-10 17:26:36),
Casa Mineira,348102,22/02/2022,Sim,[FS-CM],Secretaria Casa Mineira,3125333000,secretaria@casamineira.com,Sim,,,Apartamento,Rua Bambuí,575,30310320,4,401,3,1,2,80,,Não,2,Excelente apartamento! Sala em L para 3 ambientes e  varanda com vista!,INQUILINO,Sim,Chave Comum,Local da Chave com Secretaria da Casa Mineira,Local da Chave com Secretaria da Casa Mineira,Não,[FS-CM],Sim,595000,400,280,Mensalmente,,,,,,E,,,,
Casa Mineira,396825,22/02/2022,Sim,[FS-CM],Secretaria Casa Mineira,3125333000,secretaria@casamineira.com,Sim,,,Casa,Rua Zodíaco,525,30360430,,,3,1,3,318,,Não,4,"1 pavimento: 125,63 2 pavimento: 128,97 Subsolo: 64,30  Casa 100% reformada: parte elétrica, hidráulica, telhamento, banhos, pintura, aquecimento solar. Muito conforto e vista cinematográfica.",PROPRIETÁRIO,Sim,Chave Comum,Local da Chave com Secretaria da Casa Mineira,Local da Chave com Secretaria da Casa Mineira,Não,[FS-CM],Sim,1680000,,330,Mensalmente,,,,,,893584330,,,ok-img (2022-03-12 10:58:15),
Casa Mineira,279473,22/02/2022,Sim,[FS-CM],Secretaria Casa Mineira,3125333000,secretaria@casamineira.com,Sim,,,Apartamento,Alameda Flamboyant,170,34006009,12,1201,4,3,4,244,,Não,4,"Lindo apartamento com padrão de acabamento de alto luxo, com vista panorâmica, ar condicionado Central, painéis de madeira Brasil, automação Live, Telão Full HD de 100 polegadas, iluminação planejada. São 4 quartos transformados em 3 suítes. Sala ampla para 4 ambientes integrada com varanda a qual possui fechamento com cortina de vidro. Cozinha americana com armários Linea D’oro. Painel em madeira que permite fechamento da cozinha.",PROPRIETÁRIO,Sim,Chave Comum,Local da Chave com Secretaria da Casa Mineira,Local da Chave com Secretaria da Casa Mineira,Não,[FS-CM],Sim,3990000,2300,180,Mensalmente,,,,,,E,,,,
Casa Mineira,263216,22/02/2022,Sim,[FS-CM],Secretaria Casa Mineira,3125333000,secretaria@casamineira.com,Sim,,,Cobertura,Rua Mestre Lucas,210,30310240,3,301,5,2,4,240,,Não,4,,PROPRIETÁRIO,Sim,Chave Comum,Local da Chave com Secretaria da Casa Mineira,Local da Chave com Secretaria da Casa Mineira,Não,[FS-CM],Sim,950000,380,283,Mensalmente,,,,,,E,,,,
Casa Mineira,269171,22/02/2022,Sim,[FS-CM],Secretaria Casa Mineira,3125333000,secretaria@casamineira.com,Sim,,,Apartamento,Rua Ouro Fino,60,30310110,3,302,2,2,3,68,,Não,2,,PROPRIETÁRIO,Sim,Chave Comum,Local da Chave com Secretaria da Casa Mineira,Local da Chave com Secretaria da Casa Mineira,Não,[FS-CM],Sim,776940,,,Mensalmente,,,,,,893584341,,,ok-img (2022-03-10 17:30:08),
Casa Mineira,246356,22/02/2022,Sim,[FS-CM],Secretaria Casa Mineira,3125333000,secretaria@casamineira.com,Sim,,,Cobertura,Rua Maestro Arthur Bosmans,23,30320680,10,1000,4,4,6,394,,Não,5,,PROPRIETÁRIO,Sim,Chave Comum,Local da Chave com Secretaria da Casa Mineira,Local da Chave com Secretaria da Casa Mineira,Não,[FS-CM],Sim,4100000,,,Mensalmente,,,,,,E,,,,
Casa Mineira,409300,22/02/2022,Sim,[FS-CM],Secretaria Casa Mineira,3125333000,secretaria@casamineira.com,Sim,,,Apartamento,Rua Senhora das Graças,207,30310130,6,602,4,3,4,145,,Não,3,"Apto com 3 suítes, com acabamento difereniado, abriu um quarto fazendo estar intímo, fácil volta.",PROPRIETÁRIO,Sim,Chave Comum,Local da Chave com Secretaria da Casa Mineira,Local da Chave com Secretaria da Casa Mineira,Não,[FS-CM],Sim,1850000,,,Mensalmente,,,,,,893584365,,,erro-sem_imgs,
Casa Mineira,413418,22/02/2022,Sim,[FS-CM],Secretaria Casa Mineira,3125333000,secretaria@casamineira.com,Sim,,,Apartamento,Rua Caracol,345,30310780,3,301,4,2,3,142,,Não,2,,PROPRIETÁRIO,Sim,Chave Comum,Local da Chave com Secretaria da Casa Mineira,Local da Chave com Secretaria da Casa Mineira,Não,[FS-CM],Sim,870000,,,Mensalmente,,,,,,893584376,,,erro-sem_imgs,
Casa Mineira,247200,22/02/2022,Sim,[FS-CM],Secretaria Casa Mineira,3125333000,secretaria@casamineira.com,Sim,,,Apartamento,Rua Patagônia,1023,30320080,3,306 Bloco 2,3,1,2,86,,Não,2,,PROPRIETÁRIO,Sim,Chave Comum,Local da Chave com Secretaria da Casa Mineira,Local da Chave com Secretaria da Casa Mineira,Não,[FS-CM],Sim,670000,500,264,Mensalmente,,,,,,893584383,,,ok-img (2022-03-10 17:32:35),
Casa Mineira,276881,22/02/2022,Sim,[FS-CM],Secretaria Casa Mineira,3125333000,secretaria@casamineira.com,Sim,,,Apartamento,Rua Abel Araújo,144,30350582,1,101,3,1,2,110,,Não,2,"retirou o DCE para ampliar a cozinha, reformou banheiros e cozinha.",PROPRIETÁRIO,Sim,Chave Comum,Local da Chave com Secretaria da Casa Mineira,Local da Chave com Secretaria da Casa Mineira,Não,[FS-CM],Sim,445000,250,200,Mensalmente,,,,,,893584393,,,ok-img (2022-03-10 17:34:25),
Casa Mineira,269014,22/02/2022,Sim,[FS-CM],Secretaria Casa Mineira,3125333000,secretaria@casamineira.com,Sim,,,Apartamento,Rua Emílio Pinheiro de Barros,165,30360130,2,201,4,0,1,148,,Não,2,,PROPRIETÁRIO,Sim,Chave Comum,Local da Chave com Secretaria da Casa Mineira,Local da Chave com Secretaria da Casa Mineira,Não,[FS-CM],Sim,610000,700,224,Mensalmente,,,,,,893584404,,,ok-img (2022-03-10 17:35:29),
Casa Mineira,343620,22/02/2022,Sim,[FS-CM],Secretaria Casa Mineira,3125333000,secretaria@casamineira.com,Sim,,,Apartamento,Rua Peru,145,30320040,1,3,3,1,2,131,,Não,1,,PROPRIETÁRIO,Sim,Chave Comum,Local da Chave com Secretaria da Casa Mineira,Local da Chave com Secretaria da Casa Mineira,Não,[FS-CM],Sim,460000,350,,Mensalmente,,,,,,893584414,,,ok-img (2022-03-10 17:36:32),
Casa Mineira,422174,22/02/2022,Sim,[FS-CM],Secretaria Casa Mineira,3125333000,secretaria@casamineira.com,Sim,,,Apartamento,Rua Lavras,135,30330010,3,303,3,1,3,130,,Não,1,,INQUILINO,Sim,Chave Comum,Local da Chave com Secretaria da Casa Mineira,Local da Chave com Secretaria da Casa Mineira,Não,[FS-CM],Sim,750000,,,Mensalmente,,,,,,E,,,,
Casa Mineira,407835,22/02/2022,Sim,[FS-CM],Secretaria Casa Mineira,3125333000,secretaria@casamineira.com,Sim,,,Apartamento,Rua Mestre Lucas,157,30310240,2,202,3,1,2,90,,Não,2,2 VAGAS LIVRES SENDO 1 COBERTA E 1 DESCOBERTA,PROPRIETÁRIO,Sim,Chave Comum,Local da Chave com Secretaria da Casa Mineira,Local da Chave com Secretaria da Casa Mineira,Não,[FS-CM],Sim,720000,650,,Mensalmente,,,,,,893584442,,,erro-sem_imgs,
Casa Mineira,384824,22/02/2022,Sim,[FS-CM],Secretaria Casa Mineira,3125333000,secretaria@casamineira.com,Sim,,,Apartamento,Avenida Prudente de Morais,107,30350093,8,802,4,2,4,260,,Não,2,"Apartamento todo reformado e decorado, transformado em 2 suite, sendo que três quartos tem closet.",PROPRIETÁRIO,Sim,Chave Comum,Local da Chave com Secretaria da Casa Mineira,Local da Chave com Secretaria da Casa Mineira,Não,[FS-CM],Sim,1690000,1800,253,Mensalmente,,,,,,893584456,,,ok-img (2022-03-10 17:37:59),
Casa Mineira,277452,22/02/2022,Sim,[FS-CM],Secretaria Casa Mineira,3125333000,secretaria@casamineira.com,Sim,,,Apartamento,Avenida Prudente de Morais,1965,30350213,9,903 B,4,1,2,156,,Não,1,"1 vaga coberta livre ,ela aluga outra vaga extra por 250 reais .",PROPRIETÁRIO,Sim,Chave Comum,Local da Chave com Secretaria da Casa Mineira,Local da Chave com Secretaria da Casa Mineira,Não,[FS-CM],Sim,1080000,1400,,Mensalmente,,,,,,893584466,,,ok-img (2022-03-12 11:00:10),
Casa Mineira,256506,22/02/2022,Sim,[FS-CM],Secretaria Casa Mineira,3125333000,secretaria@casamineira.com,Sim,,,Apartamento,Rua Engenheiro Zoroastro Torres,149,30350260,5,502,3,2,3,100,,Não,3,,PROPRIETÁRIO,Sim,Chave Comum,Local da Chave com Secretaria da Casa Mineira,Local da Chave com Secretaria da Casa Mineira,Não,[FS-CM],Sim,470000,1200,,Mensalmente,,,,,,E,,,,
Casa Mineira,279075,22/02/2022,Sim,[FS-CM],Secretaria Casa Mineira,3125333000,secretaria@casamineira.com,Sim,,,Apartamento,Rua Nunes Vieira,123,30350120,4,402,4,3,4,130,,Não,3,1 dos quartos foi usado pra ampliar a sala . Atualmente o apto possui 3 quartos sendo 3 suites.,PROPRIETÁRIO,Sim,Chave Comum,Local da Chave com Secretaria da Casa Mineira,Local da Chave com Secretaria da Casa Mineira,Não,[FS-CM],Sim,1590000,650,450,Mensalmente,,,,,,893584496,,,ok-img (2022-03-10 17:41:55),
Casa Mineira,102947,22/02/2022,Sim,[FS-CM],Secretaria Casa Mineira,3125333000,secretaria@casamineira.com,Sim,,,Casa,RUA NETUNO,30,30360490,,,4,1,2,300,,Não,4,"* Frente * Varanda / Sacada. Lote: Zoneamento ZAR1, CA 1.0, área 360M , frente 12M X fundos 30M, geometria retangular, plano, murado / Sugestão de construção: Só casa.
 Casa: Área construída 300M , área descoberta 160M .
 1  Andar: 3 salas sendo 1 p/ 2 ambientes, varanda, 3 quartos, 2 banhos sendo 1 social e 1 suíte ambos c/ box blindex, closet, cozinha espaçosa, despensa, dce, lavanderia, área de serviço.
 2  Andar: Escada madeira, sala p/ 2 ambientes, quarto.
 Garagem: 4 vagas cobertas sendo 2 semi-coberta, 2 cobertas , 2 separadas e 2 em linha.",PROPRIETÁRIO,Sim,Chave Comum,Local da Chave com Secretaria da Casa Mineira,Local da Chave com Secretaria da Casa Mineira,Não,[FS-CM],Sim,1600000,,,Mensalmente,,,,,,893584512,,,erro-img_pequena,
Casa Mineira,109303,22/02/2022,Sim,[FS-CM],Secretaria Casa Mineira,3125333000,secretaria@casamineira.com,Sim,,,Apartamento,Rua do Uruguai,940,30310300,1,102,4,1,3,250,,Não,2,"* Frente * Closet * Varanda / Sacada * Claro / Arejado * Escritório * Despensa * Área de Servico * Banho Empregada * Quarto Empregada * Cozinha Americana * Acabamento Luxo * Teto Rebaixado * Iluminação Planejada * Reformado * Decorado. Prédio: Ótima localização.
 Apto: Área útil 200M , área privativa 50M  / 100% reformado incluindo hidráulica e elétrica, varanda incorporada, escritório, sala de TV / Área privativa ajardinado.
 Garagem: 2 vagas cobertas em linha.",PROPRIETÁRIO,Sim,Chave Comum,Local da Chave com Secretaria da Casa Mineira,Local da Chave com Secretaria da Casa Mineira,Não,[FS-CM],Sim,1300000,,,Mensalmente,,,,,,E,,,,
Casa Mineira,413424,22/02/2022,Sim,[FS-CM],Secretaria Casa Mineira,3125333000,secretaria@casamineira.com,Sim,,,Apartamento,Rua Leopoldina,62,30330230,3,302,3,1,2,86,,Não,2,,PROPRIETÁRIO,Sim,Chave Comum,Local da Chave com Secretaria da Casa Mineira,Local da Chave com Secretaria da Casa Mineira,Não,[FS-CM],Sim,890000,1100,338,Mensalmente,,,,,,893584541,,,erro-sem_imgs,
Casa Mineira,323888,22/02/2022,Sim,[FS-CM],Secretaria Casa Mineira,3125333000,secretaria@casamineira.com,Sim,,,Casa,Rua Consul Robert Levy,1185,30350710,,,4,1,2,328,,Não,4,A casa possui um sub nível com lavanderia e  espaço para quarto de despejo.,PROPRIETÁRIO,Sim,Chave Comum,Local da Chave com Secretaria da Casa Mineira,Local da Chave com Secretaria da Casa Mineira,Não,[FS-CM],Sim,1580000,,355,Mensalmente,,,,,,893584552,,,ok-img (2022-03-10 17:44:55),
Casa Mineira,373391,22/02/2022,Sim,[FS-CM],Secretaria Casa Mineira,3125333000,secretaria@casamineira.com,Sim,,,Apartamento,Rua Professor Magalhães Drumond,172,30350000,2,Apto 201,3,1,2,102,,Não,1,,PROPRIETÁRIO,Sim,Chave Comum,Local da Chave com Secretaria da Casa Mineira,Local da Chave com Secretaria da Casa Mineira,Não,[FS-CM],Sim,504000,,,Mensalmente,,,,,,893584562,,,ok-img (2022-03-10 17:46:12),
Casa Mineira,323365,22/02/2022,Sim,[FS-CM],Secretaria Casa Mineira,3125333000,secretaria@casamineira.com,Sim,,,Apartamento,Rua Nunes Vieira,32,30350120,2,201,3,1,2,90,,Não,2,Varanda na suíte,PROPRIETÁRIO,Sim,Chave Comum,Local da Chave com Secretaria da Casa Mineira,Local da Chave com Secretaria da Casa Mineira,Não,[FS-CM],Sim,700000,400,223,Mensalmente,,,,,,893584566,,,ok-img (2022-03-10 17:47:50),
Casa Mineira,267919,22/02/2022,Sim,[FS-CM],Secretaria Casa Mineira,3125333000,secretaria@casamineira.com,Sim,,,Casa,Rua Doutor José Mariano,165,30210170,,Casa,4,2,4,415,,Não,3,Casa em excelente estado de conservação! Área social integrada com área externa. 3 vagas de garagem podendo caber até 4 carros,PROPRIETÁRIO,Sim,Chave Comum,Local da Chave com Secretaria da Casa Mineira,Local da Chave com Secretaria da Casa Mineira,Não,[FS-CM],Sim,3200000,,941,Mensalmente,,,,,,E,,,,
Casa Mineira,328415,22/02/2022,Sim,[FS-CM],Secretaria Casa Mineira,3125333000,secretaria@casamineira.com,Sim,,,Apartamento,Alameda do Morro,85,34006083,5,500 Torre Zeus,5,5,6,567,,Não,5,,PROPRIETÁRIO,Sim,Chave Comum,Local da Chave com Secretaria da Casa Mineira,Local da Chave com Secretaria da Casa Mineira,Não,[FS-CM],Sim,7390000,,,Mensalmente,,,,,,E,,,,
Casa Mineira,213529,22/02/2022,Sim,[FS-CM],Secretaria Casa Mineira,3125333000,secretaria@casamineira.com,Sim,,,Apartamento,Rua Samuel Pereira,230,30310550,4,401,4,2,4,300,,Não,3,Apartamento 100% reformado impecável.,PROPRIETÁRIO,Sim,Chave Comum,Local da Chave com Secretaria da Casa Mineira,Local da Chave com Secretaria da Casa Mineira,Não,[FS-CM],Sim,2500000,2200,,Mensalmente,,,,,,E,,,,
Casa Mineira,224551,22/02/2022,Sim,[FS-CM],Secretaria Casa Mineira,3125333000,secretaria@casamineira.com,Sim,,,Apartamento,Rua Leopoldina,821,30330230,6,Apto 602,3,1,2,107,,Não,3,,PROPRIETÁRIO,Sim,Chave Comum,Local da Chave com Secretaria da Casa Mineira,Local da Chave com Secretaria da Casa Mineira,Não,[FS-CM],Sim,880000,,,Mensalmente,,,,,,893584595,,,ok-img (2022-03-10 17:49:36),
Casa Mineira,328419,22/02/2022,Sim,[FS-CM],Secretaria Casa Mineira,3125333000,secretaria@casamineira.com,Sim,,,Apartamento,Alameda do Morro,85,34006083,1,100 - Torre Artemis,4,4,5,360,,Não,5,,PROPRIETÁRIO,Sim,Chave Comum,Local da Chave com Secretaria da Casa Mineira,Local da Chave com Secretaria da Casa Mineira,Não,[FS-CM],Sim,3980000,,,Mensalmente,,,,,,E,,,,
Casa Mineira,398637,22/02/2022,Sim,[FS-CM],Secretaria Casa Mineira,3125333000,secretaria@casamineira.com,Sim,,,Apartamento,Rua Turibaté,43,30315410,1,101,4,1,3,180,,Não,3,Parte hidráulica e elétrica reformados,PROPRIETÁRIO,Sim,Chave Comum,Local da Chave com Secretaria da Casa Mineira,Local da Chave com Secretaria da Casa Mineira,Não,[FS-CM],Sim,1200000,,,Mensalmente,,,,,,893584609,,,ok-img (2022-03-10 17:51:00),
Casa Mineira,273356,22/02/2022,Sim,[FS-CM],Secretaria Casa Mineira,3125333000,secretaria@casamineira.com,Sim,,,Apartamento,Rua Plêiades,375,30360190,3,301,4,1,3,209,,Não,2,,PROPRIETÁRIO,Sim,Chave Comum,Local da Chave com Secretaria da Casa Mineira,Local da Chave com Secretaria da Casa Mineira,Não,[FS-CM],Sim,595000,500,218,Mensalmente,,,,,,893584619,,,ok-img (2022-03-10 17:52:35),
Casa Mineira,255097,22/02/2022,Sim,[FS-CM],Secretaria Casa Mineira,3125333000,secretaria@casamineira.com,Sim,,,Apartamento,Rua Rafael Magalhães,20,30350110,6,601,3,0,1,88,,Não,1,,PROPRIETÁRIO,Sim,Chave Comum,Local da Chave com Secretaria da Casa Mineira,Local da Chave com Secretaria da Casa Mineira,Não,[FS-CM],Sim,450000,280,,Mensalmente,,,,,,893584627,,,ok-img (2022-03-10 17:53:40),
Casa Mineira,328800,22/02/2022,Sim,[FS-CM],Secretaria Casa Mineira,3125333000,secretaria@casamineira.com,Sim,,,Casa,Rua Jornalista Moacyr Andrade,30,30350410,,,5,2,4,390,,Não,6,,PROPRIETÁRIO,Sim,Chave Comum,Local da Chave com Secretaria da Casa Mineira,Local da Chave com Secretaria da Casa Mineira,Não,[FS-CM],Sim,2890000,,612,Mensalmente,,,,,,893584639,,,ok-img (2022-03-12 10:23:19),
Casa Mineira,244100,22/02/2022,Sim,[FS-CM],Secretaria Casa Mineira,3125333000,secretaria@casamineira.com,Sim,,,Casa,Rua Helena Antipoff,736,30350690,,casa,4,2,5,550,,Não,8,"Linda casa - ótima planta - vista - sol da manhã nos quartos 
 1º Nível: Hall de entrada - garagem coberta para 8 carros - jardim 
 2º Nível: Sala para 3 ambientes super espaçosos - lavabo -  cozinha toda montada com ilha e bancada de granito preto , 2 despensas (para louças e alimentos)  -  área de serviços e DCE - 1 quarto, sendo suíte -  Espaço gourmet - banheiro para área de lazer - piscina com cascata - ducha - linda vista 
 3º Nível: sala de estar íntimo - rouparia - 3 quartos sendo 2 semi-suítes (uma delas com varanda) e 1 suíte master com 2 closets ,  2 banheiros separados, integrando apenas a área do spa com hidromassagem, iluminação de cromoterapia, varanda e linda vista.",PROPRIETÁRIO,Sim,Chave Comum,Local da Chave com Secretaria da Casa Mineira,Local da Chave com Secretaria da Casa Mineira,Não,[FS-CM],Sim,2600000,,,Mensalmente,,,,,,893584657,,,ok-img (2022-03-10 18:00:53),
Casa Mineira,267555,22/02/2022,Sim,[FS-CM],Secretaria Casa Mineira,3125333000,secretaria@casamineira.com,Sim,,,Apartamento,Rua Grão Mogol,944,30315600,1,10,3,1,2,114,,Não,1,Banho de empregada transformado em lavado,PROPRIETÁRIO,Sim,Chave Comum,Local da Chave com Secretaria da Casa Mineira,Local da Chave com Secretaria da Casa Mineira,Não,[FS-CM],Sim,460000,450,178,Mensalmente,,,,,,893584667,,,ok-img (2022-03-12 10:24:36),
Casa Mineira,423453,22/02/2022,Sim,[FS-CM],Secretaria Casa Mineira,3125333000,secretaria@casamineira.com,Sim,,,Apartamento,Rua Padre Severino,481,30330150,4,401,3,1,3,92,,Não,2,,PROPRIETÁRIO,Sim,Chave Comum,Local da Chave com Secretaria da Casa Mineira,Local da Chave com Secretaria da Casa Mineira,Não,[FS-CM],Sim,785000,1300,258,Mensalmente,,,,,,893584678,,,erro-sem_imgs,
Casa Mineira,86780,22/02/2022,Sim,[FS-CM],Secretaria Casa Mineira,3125333000,secretaria@casamineira.com,Sim,,,Casa,RUA HELENA ANTIPOFF,137,30350690,,,4,4,6,550,,Não,7,"* Frente * Varanda / Sacada * Escritório * Despensa * Área de Servico * Box Despejo * Banho Empregada * Quarto Empregada * Cozinha Americana * Vista Panorâmica * Pé Direito Elevado * Acabamento Luxo * Teto Rebaixado * Iluminação Planejada * Reformado. LOTE: ZONEAMENTO ZAR-1, CA 1.0, ADE 7, CTUH 180M , ÁREA 450M  FRENTE 15M  X 30M  FUNDOS, GEOMETRIA RETANGULAR, DECLIVE, MURADO, SUGESTÃO DE CONSTRUÇÃO: SÓ CASA. CASA: ÁREA CONSTRUÍDA 550M , ÁREA DESCOBERTA 180M , P. ELETRÔNICO, JARDINS, PISCINA, CHURRASQUEIRA / NOVA, LAZER, EXCELENTE LOCALIZAÇÃO. 1  ANDAR: 3 SALAS SEPARADAS C/ VARANDA, 1 QUARTO, 2 BANHOS SENDO 1 SUÍTE E LAVABO, COZINHA ESTILO AMERICANA, DESPENSA, ÁREA DE SERVIÇO / ABAIXO DESTE NÍVEL POSSUI 1 SALA P/ 2 AMBIENTES, LAVABO, ESPAÇO GOURMET, PISCINA, DCE, GARAGEM, 1 QUARTO DE +/- 42M  QUE PODE SER FEITO ACADEMIA. 2  ANDAR: ESCADA EM GRANITO, 1 ESCRITÓRIO, 3 QUARTOS C/ VARANDA, 3 SUÍTES SENDO 1 C/ BOX BLINDEX, CLOSET NA SUÍTE MASTER. GARAGEM: 7 VAGAS SENDO 6 SEPARADAS DESCOBERTAS E 1 PRESA COBERTA.",PROPRIETÁRIO,Sim,Chave Comum,Local da Chave com Secretaria da Casa Mineira,Local da Chave com Secretaria da Casa Mineira,Não,[FS-CM],Sim,2600000,,1,Mensalmente,,,,,,893584693,,,erro-img_pequena,
Casa Mineira,372708,22/02/2022,Sim,[FS-CM],Secretaria Casa Mineira,3125333000,secretaria@casamineira.com,Sim,,,Apartamento,Rua Tito Botelho Martins,45,30360080,5,502,4,1,2,170,,Não,1,,PROPRIETÁRIO,Sim,Chave Comum,Local da Chave com Secretaria da Casa Mineira,Local da Chave com Secretaria da Casa Mineira,Não,[FS-CM],Sim,770000,1300,,Mensalmente,,,,,,893584698,,,ok-img (2022-03-12 11:01:34),
Casa Mineira,252348,22/02/2022,Sim,[FS-CM],Secretaria Casa Mineira,3125333000,secretaria@casamineira.com,Sim,,,Apartamento,Rua Engenheiro Zoroastro Torres,196,30350260,1,102,3,1,3,186,,Não,2,Área privativa descoberta.,PROPRIETÁRIO,Sim,Chave Comum,Local da Chave com Secretaria da Casa Mineira,Local da Chave com Secretaria da Casa Mineira,Não,[FS-CM],Sim,680000,380,170,Mensalmente,,,,,,893584707,,,ok-img (2022-03-12 10:28:29),
Casa Mineira,336763,22/02/2022,Sim,[FS-CM],Secretaria Casa Mineira,3125333000,secretaria@casamineira.com,Sim,,,Apartamento,Rua Pium-I,31,30310080,7,703,4,1,1,175,,Não,3,"Imóvel em excelente estado de conservação, vaga única conforme registro, porém cabem três carros com folga. É a maior e melhor vaga de garagem do condomínio.",PROPRIETÁRIO,Sim,Chave Comum,Local da Chave com Secretaria da Casa Mineira,Local da Chave com Secretaria da Casa Mineira,Não,[FS-CM],Sim,895000,1100,291,Mensalmente,,,,,,893584714,,,ok-img (2022-03-12 11:04:23),
Casa Mineira,230934,22/02/2022,Sim,[FS-CM],Secretaria Casa Mineira,3125333000,secretaria@casamineira.com,Sim,,,Cobertura,Rua Engenheiro Zoroastro Torres,85,30350260,9,902,4,1,4,251,,Não,3,,PROPRIETÁRIO,Sim,Chave Comum,Local da Chave com Secretaria da Casa Mineira,Local da Chave com Secretaria da Casa Mineira,Não,[FS-CM],Sim,1180000,750,,Mensalmente,,,,,,E,,,,
Casa Mineira,336695,22/02/2022,Sim,[FS-CM],Secretaria Casa Mineira,3125333000,secretaria@casamineira.com,Sim,,,Apartamento,Rua Nunes Vieira,292,30350120,4,402,3,1,3,122,,Não,1,,PROPRIETÁRIO,Sim,Chave Comum,Local da Chave com Secretaria da Casa Mineira,Local da Chave com Secretaria da Casa Mineira,Não,[FS-CM],Sim,600000,400,180,Mensalmente,,,,,,893584726,,,ok-img (2022-03-12 11:05:07),
Casa Mineira,400626,22/02/2022,Sim,[FS-CM],Secretaria Casa Mineira,3125333000,secretaria@casamineira.com,Sim,,,Apartamento,Rua Oliveira,400,30310150,1,102,4,1,2,144,,Não,2,"Imóvel reformado,super espaçoso, possui uma área privativa junto a cozinha. Possui 2 vagas de garagem que cabem 3 carros. Localização privilegiada, próximo ao Mercado Distrital do Cruzeiro, vários comércios, escolas e Av. Afonso Pena.",PROPRIETÁRIO,Sim,Chave Comum,Local da Chave com Secretaria da Casa Mineira,Local da Chave com Secretaria da Casa Mineira,Não,[FS-CM],Sim,795000,590,,Mensalmente,,,,,,893584740,,,ok-img (2022-03-12 11:06:55),
Casa Mineira,269121,22/02/2022,Sim,[FS-CM],Secretaria Casa Mineira,3125333000,secretaria@casamineira.com,Sim,,,Apartamento,Rua Guilherme de Almeida,216,30350230,3,302,3,1,2,95,,Não,2,* Frente * Claro / Arejado * Box Despejo * Banho Empregada * Quarto Empregada * Prédio: Reformado * Garagem: 2 vagas cobertas e em linha *,PROPRIETÁRIO,Sim,Chave Comum,Local da Chave com Secretaria da Casa Mineira,Local da Chave com Secretaria da Casa Mineira,Não,[FS-CM],Sim,550000,,,Mensalmente,,,,,,893584758,,,ok-img (2022-03-12 11:07:44),
Casa Mineira,223260,22/02/2022,Sim,[FS-CM],Secretaria Casa Mineira,3125333000,secretaria@casamineira.com,Sim,,,Apartamento,Rua Samuel Pereira,159,30310550,2,201,4,2,4,200,,Não,2,"Sala ampla para até 3 ambientes, escritório, quartos espaçosos, sendo 2 suítes e 2 semi-suítes. Há possibilidade do apartamento ser entregue montado com armários.",PROPRIETÁRIO,Sim,Chave Comum,Local da Chave com Secretaria da Casa Mineira,Local da Chave com Secretaria da Casa Mineira,Não,[FS-CM],Sim,1700000,600,,Mensalmente,,,,,,893584769,,,ok-img (2022-03-12 11:09:49),
Casa Mineira,279447,22/02/2022,Sim,[FS-CM],Secretaria Casa Mineira,3125333000,secretaria@casamineira.com,Sim,,,Apartamento,Rua Bráz Cubas,82,30310220,1,101,3,0,1,90,,Não,1,Quarto de empregada transformado em área de serviço e o banheiro de empregada em lavabo.,PROPRIETÁRIO,Sim,Chave Comum,Local da Chave com Secretaria da Casa Mineira,Local da Chave com Secretaria da Casa Mineira,Não,[FS-CM],Sim,550000,280,140,Mensalmente,,,,,,893584776,,,ok-img (2022-03-12 11:11:21),
Casa Mineira,330648,22/02/2022,Sim,[FS-CM],Secretaria Casa Mineira,3125333000,secretaria@casamineira.com,Sim,,,Apartamento,Rua Desembargador Alfredo de Albuquerque,240,30330250,9,901,4,1,3,160,,Não,2,1 quarto transformado em sala de TV,PROPRIETÁRIO,Sim,Chave Comum,Local da Chave com Secretaria da Casa Mineira,Local da Chave com Secretaria da Casa Mineira,Não,[FS-CM],Sim,1090000,1500,,Mensalmente,,,,,,E,,,,
Casa Mineira,264612,22/02/2022,Sim,[FS-CM],Secretaria Casa Mineira,3125333000,secretaria@casamineira.com,Sim,,,Apartamento,Rua das Guianas,44,30320100,3,301,2,1,2,84,,Não,2,,PROPRIETÁRIO,Sim,Chave Comum,Local da Chave com Secretaria da Casa Mineira,Local da Chave com Secretaria da Casa Mineira,Não,[FS-CM],Sim,850000,500,275,Mensalmente,,,,,,E,,,,
Casa Mineira,257468,22/02/2022,Sim,[FS-CM],Secretaria Casa Mineira,3125333000,secretaria@casamineira.com,Sim,,,Apartamento,Alameda do Morro,85,34006083,4,400 Torre 5 Cronos,5,5,8,617,,Não,6,"Automação em cortinas e iluminação, tem um Escritório sob Mezanino. Dois lavabos e dois dce. 2 lavabos
 Varanda Gourmet é espetacular :  Um Enorme espaço Gourmet, com SPA para 05 (cinco) Pessoas, com churrasqueira , Sauna e ducha. Cozinha com ADEGA, DISPENSA e Cristaleira.",PROPRIETÁRIO,Sim,Chave Comum,Local da Chave com Secretaria da Casa Mineira,Local da Chave com Secretaria da Casa Mineira,Não,[FS-CM],Sim,7800000,4924,352,Mensalmente,,,,,,E,,,,
Casa Mineira,274827,22/02/2022,Sim,[FS-CM],Secretaria Casa Mineira,3125333000,secretaria@casamineira.com,Sim,,,Cobertura,Rua Guilherme de Almeida,435,30350230,6,602,4,2,5,440,,Não,3,2 Vagas em linha cobertas e 1 vaga livre descoberta,PROPRIETÁRIO,Sim,Chave Comum,Local da Chave com Secretaria da Casa Mineira,Local da Chave com Secretaria da Casa Mineira,Não,[FS-CM],Sim,1200000,1200,400,Mensalmente,,,,,,E,,,,
Casa Mineira,260033,22/02/2022,Sim,[FS-CM],Secretaria Casa Mineira,3125333000,secretaria@casamineira.com,Sim,,,Apartamento,Rua Cristina,292,30310800,3,Apto  10,3,0,1,91,,Não,1,Tem direito a uso da garagem.,PROPRIETÁRIO,Sim,Chave Comum,Local da Chave com Secretaria da Casa Mineira,Local da Chave com Secretaria da Casa Mineira,Não,[FS-CM],Sim,390000,300,120,Mensalmente,,,,,,E,,,,
Casa Mineira,103100,22/02/2022,Sim,[FS-CM],Secretaria Casa Mineira,3125333000,secretaria@casamineira.com,Sim,,,Cobertura,RUA MATIPO,276,30350210,,601,4,1,4,270,,Não,4,"* Frente * Varanda / Sacada * Claro / Arejado * Banho Empregada * Vista Panorâmica * Teto Rebaixado * Iluminação Planejada. Cob. Duplex 1  nível: Área útil 135M  / Retirou o quarto do dce transformando em área de serviço. 2  Nível: Área útil 135M , área construída 60M , terraço 72M , escada em alvenaria. Garagem: 4 vagas cobertas e em linha.",PROPRIETÁRIO,Sim,Chave Comum,Local da Chave com Secretaria da Casa Mineira,Local da Chave com Secretaria da Casa Mineira,Não,[FS-CM],Sim,1600000,,,Mensalmente,,,,,,E,,,,
Casa Mineira,374227,22/02/2022,Sim,[FS-CM],Secretaria Casa Mineira,3125333000,secretaria@casamineira.com,Sim,,,Apartamento,Rua da Mata,16,34006086,15,1501,3,1,3,87,,Não,2,Vagas no G1,PROPRIETÁRIO,Sim,Chave Comum,Local da Chave com Secretaria da Casa Mineira,Local da Chave com Secretaria da Casa Mineira,Não,[FS-CM],Sim,1490000,840,,Mensalmente,,,,,,E,,,,
Casa Mineira,367181,22/02/2022,Sim,[FS-CM],Secretaria Casa Mineira,3125333000,secretaria@casamineira.com,Sim,,,Apartamento,Rua Engenheiro Amaro Lanari,171,30310580,7,701,4,2,4,154,,Não,4,Apartamento com automação,PROPRIETÁRIO,Sim,Chave Comum,Local da Chave com Secretaria da Casa Mineira,Local da Chave com Secretaria da Casa Mineira,Não,[FS-CM],Sim,1815000,2400,,Mensalmente,,,,,,E,,,,
Casa Mineira,249293,22/02/2022,Sim,[FS-CM],Secretaria Casa Mineira,3125333000,secretaria@casamineira.com,Sim,,,Casa,Rua Comendador Viana,105,30315060,,,5,2,4,723,,Não,6,,PROPRIETÁRIO,Sim,Chave Comum,Local da Chave com Secretaria da Casa Mineira,Local da Chave com Secretaria da Casa Mineira,Não,[FS-CM],Sim,2600000,,1230,Mensalmente,,,,,,E,,,,
Casa Mineira,255886,22/02/2022,Sim,[FS-CM],Secretaria Casa Mineira,3125333000,secretaria@casamineira.com,Sim,,,Apartamento,Rua Montes Claros,1325,30310702,1,1,2,0,1,70,,Não,1,,PROPRIETÁRIO,Sim,Chave Comum,Local da Chave com Secretaria da Casa Mineira,Local da Chave com Secretaria da Casa Mineira,Não,[FS-CM],Sim,310000,300,120,Mensalmente,,,,,,893584797,,,ok-img (2022-03-12 11:12:40),
Casa Mineira,335161,22/02/2022,Sim,[FS-CM],Secretaria Casa Mineira,3125333000,secretaria@casamineira.com,Sim,,,Apartamento,Rua Grão Mongol,1254,30315600,1,101,3,1,1,112,,Não,2,,PROPRIETÁRIO,Sim,Chave Comum,Local da Chave com Secretaria da Casa Mineira,Local da Chave com Secretaria da Casa Mineira,Não,[FS-CM],Sim,900000,,,Mensalmente,,,,,,893584811,,,ok-img (2022-03-12 11:14:19),
Casa Mineira,348353,22/02/2022,Sim,[FS-CM],Secretaria Casa Mineira,3125333000,secretaria@casamineira.com,Sim,,,Casa,Rua Arquiteto Raffaello Berti,47,30210120,,Quadra 15,0,0,1,945,,Não,0,,DESOCUPADO,Sim,Chave Comum,Local da Chave com Secretaria da Casa Mineira,Local da Chave com Secretaria da Casa Mineira,Não,[FS-CM],Sim,950000,,,Mensalmente,,,,,,E,,,,
Casa Mineira,245441,22/02/2022,Sim,[FS-CM],Secretaria Casa Mineira,3125333000,secretaria@casamineira.com,Sim,,,Cobertura,Rua Tobias Moscoso,144,30350610,5,501,3,1,2,135,,Não,2,,PROPRIETÁRIO,Sim,Chave Comum,Local da Chave com Secretaria da Casa Mineira,Local da Chave com Secretaria da Casa Mineira,Não,[FS-CM],Sim,640000,453,164,Mensalmente,,,,,,E,,,,
Casa Mineira,372729,22/02/2022,Sim,[FS-CM],Secretaria Casa Mineira,3125333000,secretaria@casamineira.com,Sim,,,Casa,Rua Saturno,38,30360560,,,4,0,3,232,,Não,3,1° nível: 1 sala para 2 ambientes - 1 quarto - 2 banhos sociais - cozinha e área de serviços 2° nível: 1 sala - 3 quartos - 1 banho social 3 vagas de garagem cobertas - possibilidade de mais vagas descobertas. Escritório separado com 1 banho.,PROPRIETÁRIO,Sim,Chave Comum,Local da Chave com Secretaria da Casa Mineira,Local da Chave com Secretaria da Casa Mineira,Não,[FS-CM],Sim,980000,,,Mensalmente,,,,,,893584846,,,ok-img (2022-03-12 11:16:47),
Casa Mineira,398133,22/02/2022,Sim,[FS-CM],Secretaria Casa Mineira,3125333000,secretaria@casamineira.com,Sim,,,Apartamento,Rua Odilon Braga,914,30310386,6,600,3,1,2,110,,Não,3,Varanda gourmet com Churrasqueira a gás ou carvão;,PROPRIETÁRIO,Sim,Chave Comum,Local da Chave com Secretaria da Casa Mineira,Local da Chave com Secretaria da Casa Mineira,Não,[FS-CM],Sim,1090000,500,464,Mensalmente,,,,,,893584852,,,ok-img (2022-03-12 11:19:04),
Casa Mineira,321203,22/02/2022,Sim,[FS-CM],Secretaria Casa Mineira,3125333000,secretaria@casamineira.com,Sim,,,Apartamento,Rua Bambuí,1029,30310320,6,602,4,4,5,195,,Não,4,Previsão pra ar condicionado,PROPRIETÁRIO,Sim,Chave Comum,Local da Chave com Secretaria da Casa Mineira,Local da Chave com Secretaria da Casa Mineira,Não,[FS-CM],Sim,2999000,2200,1100,Mensalmente,,,,,,E,,,,
Casa Mineira,413828,22/02/2022,Sim,[FS-CM],Secretaria Casa Mineira,3125333000,secretaria@casamineira.com,Sim,,,Apartamento,Rua Ouro Fino,59,30310110,5,504,4,1,2,138,,Não,2,,PROPRIETÁRIO,Sim,Chave Comum,Local da Chave com Secretaria da Casa Mineira,Local da Chave com Secretaria da Casa Mineira,Não,[FS-CM],Sim,731400,,,Mensalmente,,,,,,893587525,,2022-03-11 17:32,erro-sem_imgs,
Casa Mineira,419021,22/02/2022,Sim,[FS-CM],Secretaria Casa Mineira,3125333000,secretaria@casamineira.com,Sim,,,Apartamento,Rua do Uruguai,556,30310300,1,102,4,1,3,140,,Não,1,"Apto. conservado, ótima localização, claro e arejado, sob pilotis",PROPRIETÁRIO,Sim,Chave Comum,Local da Chave com Secretaria da Casa Mineira,Local da Chave com Secretaria da Casa Mineira,Não,[FS-CM],Sim,770000,728,40,Mensalmente,,,,,,893587529,,2022-03-11 17:33,erro-sem_imgs,
Casa Mineira,268202,22/02/2022,Sim,[FS-CM],Secretaria Casa Mineira,3125333000,secretaria@casamineira.com,Sim,,,Apartamento,Rua Engenheiro Amaro Lanari,220,30310580,1,301,2,2,3,121,,Não,2,,PROPRIETÁRIO,Sim,Chave Comum,Local da Chave com Secretaria da Casa Mineira,Local da Chave com Secretaria da Casa Mineira,Não,[FS-CM],Sim,850000,,,Mensalmente,,,,,,893587534,,2022-03-11 17:35,ok-img (2022-03-12 11:20:51),
Casa Mineira,268279,22/02/2022,Sim,[FS-CM],Secretaria Casa Mineira,3125333000,secretaria@casamineira.com,Sim,,,Apartamento,Rua Engenheiro Amaro Lanari,220,30310580,5,701,2,2,4,130,,Não,3,,PROPRIETÁRIO,Sim,Chave Comum,Local da Chave com Secretaria da Casa Mineira,Local da Chave com Secretaria da Casa Mineira,Não,[FS-CM],Sim,999000,,,Mensalmente,,,,,,893590599,Barra de pesquisa não encontrada,2022-03-14 18:18,erro-abort_404,
Casa Mineira,257095,22/02/2022,Sim,[FS-CM],Secretaria Casa Mineira,3125333000,secretaria@casamineira.com,Sim,,,Apartamento,Rua Costa Rica,55,30320030,3,302,4,1,2,122,,Não,2,,PROPRIETÁRIO,Sim,Chave Comum,Local da Chave com Secretaria da Casa Mineira,Local da Chave com Secretaria da Casa Mineira,Não,[FS-CM],Sim,585000,500,,Mensalmente,,,,,,893587543,,2022-03-11 17:37,ok-img (2022-03-12 11:23:10),
Casa Mineira,98998,22/02/2022,Sim,[FS-CM],Secretaria Casa Mineira,3125333000,secretaria@casamineira.com,Sim,,,Casa,RUA ARQUITETO RAFFAELLO BERTI,159,30210120,,,5,1,5,575,,Não,6,". Lote: Área 925M , geometria retangular, aclive, murado / Sugestão de construção: Só casa. Casa: Área construída 575M , área descoberta 318M  / Linda vista da cidade. 1  Andar: 1 sala p/ 4 ambientes c/ varanda, 1 escritório, lavabo, cozinha c/ copa, dce, lavanderia, área de serviço, jardim de inverno, piscina. 2  andar: Escada em madeira, 1 sala, varanda, 5 quartos, 3 banhos sendo 2 semi-suítes e 1 suíte ambos c/ box blindex, closet, rouparia. andar inferior: Garagem, piscina, despensa / Casa original. Garagem: 6 vagas cobertas sendo 3 separada e 3 presas.",PROPRIETÁRIO,Sim,Chave Comum,Local da Chave com Secretaria da Casa Mineira,Local da Chave com Secretaria da Casa Mineira,Não,[FS-CM],Sim,3000000,,,Mensalmente,,,,,,893587550,,2022-03-11 17:38,ok-img (2022-03-12 11:26:06),
Casa Mineira,425752,22/02/2022,Sim,[FS-CM],Secretaria Casa Mineira,3125333000,secretaria@casamineira.com,Sim,,,Apartamento,Rua Leopoldina,248,30330230,5,501,4,1,2,162,,Não,2,Ar condicionado em 2 quartos e sistema de refrigeração na sala.,PROPRIETÁRIO,Sim,Chave Comum,Local da Chave com Secretaria da Casa Mineira,Local da Chave com Secretaria da Casa Mineira,Não,[FS-CM],Sim,1300000,,,Mensalmente,,,,,,893587556,,2022-03-11 17:40,erro-sem_imgs,
Casa Mineira,323859,22/02/2022,Sim,[FS-CM],Secretaria Casa Mineira,3125333000,secretaria@casamineira.com,Sim,,,Apartamento,Rua Oliveira,390,30310150,5,501,3,1,2,83,,Não,1,,PROPRIETÁRIO,Sim,Chave Comum,Local da Chave com Secretaria da Casa Mineira,Local da Chave com Secretaria da Casa Mineira,Não,[FS-CM],Sim,390000,480,154,Mensalmente,,,,,,893587561,,2022-03-11 17:41,ok-img (2022-03-12 11:27:08),
Casa Mineira,398099,22/02/2022,Sim,[FS-CM],Secretaria Casa Mineira,3125333000,secretaria@casamineira.com,Sim,,,Apartamento,Rua Odilon Braga,871,30310390,5,501,3,1,2,105,,Não,2,"Sala dois ambientes, acabamento de luxo.",PROPRIETÁRIO,Sim,Chave Comum,Local da Chave com Secretaria da Casa Mineira,Local da Chave com Secretaria da Casa Mineira,Não,[FS-CM],Sim,1100000,350,380,Mensalmente,,,,,,893587567,,2022-03-11 17:42,ok-img (2022-03-12 11:29:24),
Casa Mineira,213131,22/02/2022,Sim,[FS-CM],Secretaria Casa Mineira,3125333000,secretaria@casamineira.com,Sim,,,Apartamento,Rua Assunção,365,30320020,4,402,3,1,2,118,,Não,1,,PROPRIETÁRIO,Sim,Chave Comum,Local da Chave com Secretaria da Casa Mineira,Local da Chave com Secretaria da Casa Mineira,Não,[FS-CM],Sim,500000,600,156,Mensalmente,,,,,,893587573,Botão de cancelamento de tarefa não encontrado,2022-03-11 17:43,ok-img (2022-03-12 11:30:57),
Casa Mineira,253573,22/02/2022,Sim,[FS-CM],Secretaria Casa Mineira,3125333000,secretaria@casamineira.com,Sim,,,Apartamento,Rua Joaquim Murtinho,62,30350050,2,201,4,1,2,160,,Não,2,Apartamento reformado.,PROPRIETÁRIO,Sim,Chave Comum,Local da Chave com Secretaria da Casa Mineira,Local da Chave com Secretaria da Casa Mineira,Não,[FS-CM],Sim,750000,,,Mensalmente,,,,,,893590613,Barra de pesquisa não encontrada,2022-03-14 18:21,ok-img (2022-03-15 12:05:37),
Casa Mineira,252298,22/02/2022,Sim,[FS-CM],Secretaria Casa Mineira,3125333000,secretaria@casamineira.com,Sim,,,Apartamento,Rua Dom Vital,114,30310520,1,101,3,0,1,110,,Não,1,,PROPRIETÁRIO,Sim,Chave Comum,Local da Chave com Secretaria da Casa Mineira,Local da Chave com Secretaria da Casa Mineira,Não,[FS-CM],Sim,370000,,,Mensalmente,,,,,,893587585,Barra de pesquisa não encontrada,2022-03-11 17:48,ok-img (2022-03-12 11:32:41),
Casa Mineira,266014,22/02/2022,Sim,[FS-CM],Secretaria Casa Mineira,3125333000,secretaria@casamineira.com,Sim,,,Apartamento,Rua Grão Mogol,995,30315600,1,101,3,0,2,130,,Não,1,,PROPRIETÁRIO,Sim,Chave Comum,Local da Chave com Secretaria da Casa Mineira,Local da Chave com Secretaria da Casa Mineira,Não,[FS-CM],Sim,580000,300,,Mensalmente,,,,,,893587596,Barra de pesquisa não encontrada,2022-03-11 17:49,ok-img (2022-03-12 11:34:22),
Casa Mineira,389210,22/02/2022,Sim,[FS-CM],Secretaria Casa Mineira,3125333000,secretaria@casamineira.com,Sim,,,Apartamento,Rua Grão Mogol,340,30310010,2,202,3,1,2,160,,Não,1,,PROPRIETÁRIO,Sim,Chave Comum,Local da Chave com Secretaria da Casa Mineira,Local da Chave com Secretaria da Casa Mineira,Não,[FS-CM],Sim,930000,,218,Mensalmente,,,,,,893587603,Barra de pesquisa não encontrada,2022-03-11 17:50,ok-img (2022-03-12 11:35:23),
Casa Mineira,364580,22/02/2022,Sim,[FS-CM],Secretaria Casa Mineira,3125333000,secretaria@casamineira.com,Sim,,,Apartamento,Rua Outono,165,30310020,2,201,4,2,4,120,,Não,2,,PROPRIETÁRIO,Sim,Chave Comum,Local da Chave com Secretaria da Casa Mineira,Local da Chave com Secretaria da Casa Mineira,Não,[FS-CM],Sim,1120000,1500,457,Mensalmente,,,,,,893587610,Barra de pesquisa não encontrada,2022-03-11 17:52,ok-img (2022-03-12 11:37:19),
Casa Mineira,367130,22/02/2022,Sim,[FS-CM],Secretaria Casa Mineira,3125333000,secretaria@casamineira.com,Sim,,,Apartamento,Rua Califórnia,933,30315500,15,1500,4,2,4,194,,Não,3,,PROPRIETÁRIO,Sim,Chave Comum,Local da Chave com Secretaria da Casa Mineira,Local da Chave com Secretaria da Casa Mineira,Não,[FS-CM],Sim,1950000,3200,,Mensalmente,,,,,,893587615,Barra de pesquisa não encontrada,2022-03-11 17:53,ok-img (2022-03-12 11:38:54),
Casa Mineira,257162,22/02/2022,Sim,[FS-CM],Secretaria Casa Mineira,3125333000,secretaria@casamineira.com,Sim,,,Casa,Rua Newton,165,30360200,,casa,4,1,3,367,,Não,4,"1º andar: São 3 salas, 2 varandas, escritório, jardim de inverno, lavabo, cozinha, quintal, área de serviço , dce e jardins.
 2º andar: escada em alvenaria com madeira, 1 anti sala,  rouparia, 4 quartos, sendo uma suíte com banheira e closet.
 A casa possui na parte de baixo um stúdio e porão.",PROPRIETÁRIO,Sim,Chave Comum,Local da Chave com Secretaria da Casa Mineira,Local da Chave com Secretaria da Casa Mineira,Não,[FS-CM],Sim,1800000,,370,Mensalmente,,,,,,893587620,Barra de pesquisa não encontrada,2022-03-11 17:54,ok-img (2022-03-12 11:40:26),
Casa Mineira,265046,22/02/2022,Sim,[FS-CM],Secretaria Casa Mineira,3125333000,secretaria@casamineira.com,Sim,,,Apartamento,Rua Lavras,150,30330010,15,1504,1,1,1,31,,Não,0,"Media de 1200,00 a 1500,00 de proventos",DESOCUPADO,Sim,Chave Comum,Local da Chave com Secretaria da Casa Mineira,Local da Chave com Secretaria da Casa Mineira,Não,[FS-CM],Sim,345000,,,Mensalmente,,,,,,893590631,Barra de pesquisa não encontrada,2022-03-14 18:24,ok-img (2022-03-15 12:06:31),
Casa Mineira,429598,22/02/2022,Sim,[FS-CM],Secretaria Casa Mineira,3125333000,secretaria@casamineira.com,Sim,,,Apartamento,Rua Nicarágua,410,30320050,6,601,4,1,2,155,,Não,2,RETIROU UM QUARTO E FEZ A SALA DE TELEVISAO COM ESCRITORIO . VER FOTO.,PROPRIETÁRIO,Sim,Chave Comum,Local da Chave com Secretaria da Casa Mineira,Local da Chave com Secretaria da Casa Mineira,Não,[FS-CM],Sim,1550000,1450,3300,Mensalmente,,,,,,E,,,,
Casa Mineira,413015,22/02/2022,Sim,[FS-CM],Secretaria Casa Mineira,3125333000,secretaria@casamineira.com,Sim,,,Apartamento,Avenida Artur Bernardes,1380,30360114,3,302,4,2,3,192,,Não,2,Apto reformado.,PROPRIETÁRIO,Sim,Chave Comum,Local da Chave com Secretaria da Casa Mineira,Local da Chave com Secretaria da Casa Mineira,Não,[FS-CM],Sim,595000,450,340,Mensalmente,,,,,,893590646,Barra de pesquisa não encontrada,2022-03-14 18:26,erro-sem_imgs,
Casa Mineira,102508,22/02/2022,Sim,[FS-CM],Secretaria Casa Mineira,3125333000,secretaria@casamineira.com,Sim,,,Flat,Rua Ministro Orozimbo Nonato,488,34006053,,601,1,0,1,32,,Não,1,"* Fundos * Claro / Arejado * Ar Condicionado * Vista Panorâmica * Acabamento Luxo * Iluminação Planejada * Reformado * Decorado. Prédio: Restaurante, auditório e vaga p/ visitantes.
 Apto: Faz parte do pool do hotel / 100% reformado.
 Garagem: 1 vaga coberta e livre.",PROPRIETÁRIO,Sim,Chave Comum,Local da Chave com Secretaria da Casa Mineira,Local da Chave com Secretaria da Casa Mineira,Não,[FS-CM],Sim,240000,,,Mensalmente,,,,,,1,Elemento não encontrado na pagina 'Detalhe do imovel',,,
Casa Mineira,278214,22/02/2022,Sim,[FS-CM],Secretaria Casa Mineira,3125333000,secretaria@casamineira.com,Sim,,,Apartamento,Rua Juvenal Melo Senra,409,30320660,10,1002,3,1,2,95,,Não,2,,PROPRIETÁRIO,Sim,Chave Comum,Local da Chave com Secretaria da Casa Mineira,Local da Chave com Secretaria da Casa Mineira,Não,[FS-CM],Sim,910000,850,456,Mensalmente,,,,,,893587645,Barra de pesquisa não encontrada,2022-03-11 18:01,ok-img (2022-03-12 11:41:42),
Casa Mineira,262409,22/02/2022,Sim,[FS-CM],Secretaria Casa Mineira,3125333000,secretaria@casamineira.com,Sim,,,Apartamento,Rua Antilhas,50,30315480,6,601,4,2,4,182,,Não,3,,PROPRIETÁRIO,Sim,Chave Comum,Local da Chave com Secretaria da Casa Mineira,Local da Chave com Secretaria da Casa Mineira,Não,[FS-CM],Sim,1600000,2400,600,Mensalmente,,,,,,893587651,Barra de pesquisa não encontrada,2022-03-11 18:03,ok-img (2022-03-12 11:43:53),
Casa Mineira,430728,22/02/2022,Sim,[FS-CM],Secretaria Casa Mineira,3125333000,secretaria@casamineira.com,Sim,,,Apartamento,Rua Sagarana,180,30330210,4,401,4,1,3,122,,Não,3,Excelente apto! Tirou o quarto de empregada para aumentar a sala  a sala de jantar e fazer o lavabo. Um dos quartos fez sala de TV. Fácil reverter!,PROPRIETÁRIO,Sim,Chave Comum,Local da Chave com Secretaria da Casa Mineira,Local da Chave com Secretaria da Casa Mineira,Não,[FS-CM],Sim,1260000,980,512,Mensalmente,,,,,,E,,,,
Casa Mineira,341082,22/02/2022,Sim,[FS-CM],Secretaria Casa Mineira,3125333000,secretaria@casamineira.com,Sim,,,Apartamento,Alameda Oscar Niemeyer,1374,34006065,8,801 - Zagora,4,4,5,271,,Não,4,4 closets.,PROPRIETÁRIO,Sim,Chave Comum,Local da Chave com Secretaria da Casa Mineira,Local da Chave com Secretaria da Casa Mineira,Não,[FS-CM],Sim,3300000,2900,190,Mensalmente,,,,,,1,Este imóvel está fora da área de atuação de venda.,,,
Casa Mineira,393094,22/02/2022,Sim,[FS-CM],Secretaria Casa Mineira,3125333000,secretaria@casamineira.com,Sim,,,Apartamento,Rua Venezuela,215,30315250,3,304,3,1,3,117,,Não,2,,PROPRIETÁRIO,Sim,Chave Comum,Local da Chave com Secretaria da Casa Mineira,Local da Chave com Secretaria da Casa Mineira,Não,[FS-CM],Sim,660000,520,189,Mensalmente,,,,,,893587661,Barra de pesquisa não encontrada,2022-03-11 18:08,ok-img (2022-03-12 11:46:27),
Casa Mineira,279374,22/02/2022,Sim,[FS-CM],Secretaria Casa Mineira,3125333000,secretaria@casamineira.com,Sim,,,Apartamento,Rua Montes Claros,1471,30310702,3,32,2,1,2,81,,Não,1,,PROPRIETÁRIO,Sim,Chave Comum,Local da Chave com Secretaria da Casa Mineira,Local da Chave com Secretaria da Casa Mineira,Não,[FS-CM],Sim,480000,1100,206,Mensalmente,,,,,,893587668,Barra de pesquisa não encontrada,2022-03-11 18:11,ok-img (2022-03-12 11:47:24),
